ChainID,Sender,TxHash,Amount,FirstSeen,Completed
cosmoshub-4,cosmos18u6d3jc60ed7y0fjstw07d8vcp7z3nwtuj64yv,005AABC399866544CBEC4DC57887A7297289BF40C056A1544D3CE18946DB7DB9,"[{""denom"":""uatom"",""amount"":""100000000""}]",2023-05-01T09:12:21.376800572Z,
cosmoshub-4,cosmos1wawvgsgt2qsmkkex49e3t37fzvq5zt8dv3tdvc,006C35C5B3639565D06CD2592343EEAA192A97A9C6407031B5D3A165E7D61C0F,"[{""denom"":""uatom"",""amount"":""10000000""}]",2023-04-19T03:20:59.622436715Z,
cosmoshub-4,cosmos1mym6ejshzkllrrvcynq0z7v2wcu4q43f37q4mg,0104D04C75C7C67DF1388D6F21D4397FDFB454860294A5E115868072145BA49B,"[{""denom"":""uatom"",""amount"":""200000""}]",2023-04-14T09:57:26.887575925Z,
cosmoshub-4,cosmos1fg54f87w3pha68ncqzvshat828rt5aut6ngput,01664CE721B1E96BA044FE7AEB75BE4937DF2CF484AD4551FF0116E95FBE56D4,"[{""denom"":""uatom"",""amount"":""46147898""}]",2023-04-29T04:17:47.184154471Z,
cosmoshub-4,cosmos1m4vfjh8pnt8rrhpx3sjxmpry5e86p52dw6shre,01891451998E20C912C6F89A3D720B161E3C391A4B8226973E50296919D5CAC9,"[{""denom"":""uatom"",""amount"":""472935""}]",2023-05-03T07:43:22.853840145Z,
cosmoshub-4,cosmos15sw2j9erj6g097hzmyttpjagvnjc8uedlf4030,0192B964DC503ADCF7208585BEADC77FA55E37A6BDFCD56ECE7C2218B3645160,"[{""denom"":""uatom"",""amount"":""1000000""}]",2023-04-20T08:38:53.975644702Z,
cosmoshub-4,cosmos10w02jr8meucsueqesd54a2waahf2wxqaj9mh2h,01B4E484FC91D8C62429CF7CA1C66553E7FD8052052BCF93AA8FF69C021A7FB7,"[{""denom"":""uatom"",""amount"":""100000""}]",2023-04-19T16:28:05.725447094Z,
cosmoshub-4,cosmos1uhlcxpat0as7n2f30nl3e90yvl93lmsej4s7jf,01B54BD005313581DC2C866DFB954B6848D010690F2C4AE78647DDC91FB2ABA3,"[{""denom"":""uatom"",""amount"":""300000""}]",2023-04-28T00:29:48.863209141Z,
cosmoshub-4,cosmos1xf4n5alscmyuhuyv5elnpns38lf64u8ysz59wf,01DF9E0F046D57C61F60F87945F7377EC3E9A1B738CDEA39DAAA391629E78A3C,"[{""denom"":""uatom"",""amount"":""39247408""}]",2023-04-14T03:34:26.369420160Z,
cosmoshub-4,cosmos1ztreexwyh3lfjk784av24c4jvvvhzyp8259uet,0232C0D88C4A42A27A6A9E96F224A765472132890B530B91740952CC0C5892E9,"[{""denom"":""uatom"",""amount"":""1000000""}]",2023-05-01T23:28:31.377248594Z,
cosmoshub-4,cosmos1hj6x59kz8g3x8jwhsrtyzrlj47fhme60cenut0,02CA57E2ED753C4C9039C554C9F06C17014DE67F5E1D42B64046680189FC5656,"[{""denom"":""uatom"",""amount"":""100000""}]",2023-04-04T11:21:45.213021609Z,
cosmoshub-4,cosmos10w02jr8meucsueqesd54a2waahf2wxqaj9mh2h,03AAF4B482BFC5ABBBDD8CCA3CD6CB6A9F43E4F7B9009421A3C4023C9AF1EA63,"[{""denom"":""uatom"",""amount"":""10000""}]",2023-04-29T16:29:27.294113418Z,
cosmoshub-4,cosmos1du6h94k2j6zsqhrmuzhyxe3sy6lt95j2hga3h5,042B7FB7AEF442EB50284320D20BD227EAB7FACC9B62C3EA876FC539EF4031CB,"[{""denom"":""uatom"",""amount"":""3400000""}]",2023-05-05T09:54:24.787080095Z,
cosmoshub-4,cosmos1gaqgs8d823ls6dqsy9g3am6cvhhr8clhjxls27,04EEC969840E55ECAD70288CF7F3AF8DBFDA1A1A9E26D02C9B061C03ED2177C5,"[{""denom"":""uatom"",""amount"":""633167""}]",2023-04-29T00:47:32.388005441Z,
cosmoshub-4,cosmos19qep0chxh4jp00yzw3rtk9xqgruyvjdx9dznhz,052F117AB5B93C65223A19142DDC0B5164E810907D8D0464570BD342367C68B8,"[{""denom"":""uatom"",""amount"":""12000000""}]",2023-05-04T02:37:52.463755546Z,
cosmoshub-4,cosmos1q65vnvj4cldkg603t8t55l0rslnmrtd73vrssr,05E77F4D49DF765410382CA5F25F60F665CB55799BF97243385282D5566486BE,"[{""denom"":""uatom"",""amount"":""754090""}]",2023-04-29T09:31:48.600056220Z,
cosmoshub-4,cosmos1l2mzhl5048zj8nlpfxd3jcm5yztu3rcurv7sza,08095D18110AC8B63EE5666BFE8CF1AE183A34433C6A2FF0350BC6F959C83AB0,"[{""denom"":""uatom"",""amount"":""8000000""}]",2023-04-28T18:25:11.967815605Z,
cosmoshub-4,cosmos1lekjv8ym5p9t4tpqx3m3uwpq0058qrjndl2jnf,083CD02169221193160B22BEA0C070710381C73FE7CC01CB3AEE8A8E7874C997,"[{""denom"":""uatom"",""amount"":""3567629""}]",2023-04-05T02:32:59.473787477Z,
cosmoshub-4,cosmos1vhn3ck2s4uxyy26hry3xn06sdtvvjxhuhwa47x,0888153FBE90FA191A27E4D8DD80060D35B7DC79212783E0BF14A9404699FD17,"[{""denom"":""uatom"",""amount"":""100000000""}]",2023-04-06T21:38:02.500010271Z,
cosmoshub-4,cosmos1zdk397796e5m6tjvneaf39xhvk7sgtkq5skkg5,099246B1E13D20869E36A03AE1B90EFFA10E1CBABC7900DA3499E50E74DB22B6,"[{""denom"":""uatom"",""amount"":""300000""}]",2023-05-04T02:09:36.838326805Z,
cosmoshub-4,cosmos17gpwtdne0dm8ftzdcfczr52lssan0arzjm6naj,09CF1126D508E28F806FF52D2EE25E39E423CA4CFE49E420778052756B33E953,"[{""denom"":""uatom"",""amount"":""17601544""}]",2023-04-30T15:05:09.976816623Z,
cosmoshub-4,cosmos1xa925aq3vkmn5p6hmc0cppvgpzc4zeumy73rzn,0AB6CC84CAAE65A1FBCAD034C01F58830E573057703FC0BD3731AC609E292BA4,"[{""denom"":""uatom"",""amount"":""10000000""}]",2023-04-29T22:17:44.028790559Z,
cosmoshub-4,cosmos1vuc08dqnfxussg0tw3ytzl6mqrzldl66wlcype,0B2AC14E865F0ECDDB84A4711CE54C8636907643A1DA050759E71BD912BBEB84,"[{""denom"":""uatom"",""amount"":""5200000""}]",2023-05-05T17:10:54.249354682Z,
cosmoshub-4,cosmos1d8xtuav36xg7hp6lv6u69gexpd8sunaektzegm,0B31D970351357B3EE42FBCE580DC4D41E536F8F9358E5A42F2487701DE56DE6,"[{""denom"":""uatom"",""amount"":""2500000""}]",2023-04-09T18:33:51.287876618Z,
cosmoshub-4,cosmos19nfe2l95pnmre8snp3eddvzun29s5rtj3aclmc,0B8917EC361407177B686E8B21E7B6AAC43B721AF7A53EC379400EB0F751687B,"[{""denom"":""uatom"",""amount"":""3600000""}]",2023-04-15T03:18:06.026502445Z,
cosmoshub-4,cosmos1nrsl4auce6fgpsnqr80xsfad7qgkrcs8xuenwt,0BBCC58088FD9D1AF7B9A0B38BE19CFE32343FF14318AE7FD5ADB677BE50E459,"[{""denom"":""uatom"",""amount"":""1000000""}]",2023-04-30T19:23:46.881681979Z,
cosmoshub-4,cosmos1pq0hu05v4u05d0m5cm5ymzpn9ttkkp9xww354c,0D71268F1397695CD0ECEDA0DF5EC08DE39AE6A4A64B3B11F91F78294D6DF675,"[{""denom"":""uatom"",""amount"":""310000""}]",2023-05-05T17:40:52.058982556Z,
cosmoshub-4,cosmos17qnm68dt7zwnedctgy9wdy4vm7mwef5pqy5cqk,0EDC87D1CF3F5C167E17A723DAE970580D8EFA6CB5B6C5417A557FD1ED01B59F,"[{""denom"":""uatom"",""amount"":""541534""}]",2023-04-29T17:39:16.794246778Z,
cosmoshub-4,cosmos1fawzpuwg2sp5mgs0juulyrc4g4zjqpdkxdrwvz,0EE7FFFA5A5553532D11A16DA2ECE3206225D011F2747C4BDC22D47A685D366F,"[{""denom"":""uatom"",""amount"":""250000""}]",2023-04-30T00:10:45.231905269Z,
cosmoshub-4,cosmos1tpzlsk86w7pyh8vls59a6z6jk0jug0v2smjkgn,0F41DB060CCD74F875442546DC0CEE5C7D1634847E7AA92BB8D70FC71C5EEDDF,"[{""denom"":""uatom"",""amount"":""300000""}]",2023-04-24T21:55:46.472028748Z,
cosmoshub-4,cosmos1am76g597h3rm8tgcyg4v7y46hqp3lnpjv4np8e,1068CCFE010A6B25988D47BC1E7A1189AC90719BE3F4335748CDAC7D65D8CFF2,"[{""denom"":""uatom"",""amount"":""9761092""}]",2023-04-30T16:30:02.621252273Z,
cosmoshub-4,cosmos1axt0prw60235q8jyp6vzq00wpvytvaszndwetj,1280E9365BC738E367E76F954CDD09C1DD5DBD72234926922EB63F270C35CDFB,"[{""denom"":""uatom"",""amount"":""11000000""}]",2023-04-20T16:13:27.426884072Z,
cosmoshub-4,cosmos1s8rvwrvzaxvzmytym0mhmnvhtnpsrul5kyw0yc,12EAD55884B89045BE81AC1563C78906365DAD8A3C76A682D4BF0AA95FE49E19,"[{""denom"":""uatom"",""amount"":""5000000""}]",2023-04-30T12:47:08.768367336Z,
cosmoshub-4,cosmos1rc4t7yayrqgmlzxwazmkcru5wrdg4l59kvlpc2,135D79441A802318A85FC83F72A3CA738E42DB91CA79350E38319D71594CFC6C,"[{""denom"":""uatom"",""amount"":""250000000""}]",2023-05-02T10:21:58.840082972Z,
cosmoshub-4,cosmos1ammrmh8s8gqsqhf6fc8mp22vz69cz9f2xy8z2g,136D06D462D92B30A46AB7BEE2C7EB4ABB0BACF3F0A4D2C82767D49B26D3A07C,"[{""denom"":""uatom"",""amount"":""10000""}]",2023-04-15T13:44:08.180977686Z,
cosmoshub-4,cosmos1w4sft597y8yn20994uwtnz2grnzxjndwtjs304,1521746AB05D99E625DBB735BC94ACC0ABD139295B60CBCB799445948EEFFC7A,"[{""denom"":""uatom"",""amount"":""28000000""}]",2023-04-22T19:37:31.576656471Z,
cosmoshub-4,cosmos15g0dagtq804dpnmvpvp0j482ydu4qy8newjh2r,166679F725945ACED04EF5EDC79C4518337DED5CBB621B3207FBFFE7315A0FF7,"[{""denom"":""uatom"",""amount"":""1000000""}]",2023-04-20T00:49:11.825732803Z,
cosmoshub-4,cosmos1prhdt7zg7ja58yxv9snx3l8zqu5stjv3hw897v,167108A11FFC70A0E05745BEC84BDB24EE0B97125B413F18F2C92A9AAF6D43D5,"[{""denom"":""uatom"",""amount"":""5835163""}]",2023-04-28T09:09:28.211456302Z,
cosmoshub-4,cosmos10xjmyvkaz4v7n8mu498n54hvrkgzuyeafhtrtq,176ED0DBABDB124844E3B8F29FA49B1C3A10BD966863268386E2B16C5709D2CA,"[{""denom"":""uatom"",""amount"":""300000""}]",2023-04-07T07:22:23.820433444Z,
cosmoshub-4,cosmos10tmcmw2ldsy2wjplh93knnjwqrcf52wznq44r7,1AD2A0A3DF2D9A2CA4984337A50DD7FC2AB6BD89F039E071610CF8DE3E533288,"[{""denom"":""uatom"",""amount"":""1000000""}]",2023-05-01T11:00:58.227361506Z,
cosmoshub-4,cosmos1utd2genfep9c4c3fg3e4zt6nlrruvwgwcx85w7,1AE27A5F0E285C7435410883A9F8F9282E9AA40D926B1A277E66F8D61D2A9DD4,"[{""denom"":""uatom"",""amount"":""6733000000""}]",2023-04-28T03:34:36.666719471Z,
cosmoshub-4,cosmos14j2na5uvf33r9a7nun2zq54636r8e3rktd93yh,1B09D7EF2B443BF583B5AFEACA45070B58F9CCCE209782C3917460F3F7B06A10,"[{""denom"":""uatom"",""amount"":""10000000""}]",2023-04-30T13:09:58.254341960Z,
cosmoshub-4,cosmos1w34mzcw8tllrrj7js57jjrzxhg5tzapfpe9vnv,1B28F2B664BF95E3F41F16982FECF278145D906DD9CBD87AA6E3D0B8D99D2DFB,"[{""denom"":""uatom"",""amount"":""500000""}]",2023-04-28T07:55:58.540157429Z,
cosmoshub-4,cosmos1qk8nh2s04mtkf6jw6gcmmcpdqdflwzvhrntmsa,1CECCF234D0D4956EB4B1DB874DE1C957D165EA28AE0492A26A33F3C8F2A85CA,"[{""denom"":""uatom"",""amount"":""9374836""}]",2023-04-14T18:19:29.387393808Z,
cosmoshub-4,cosmos1kpfcj5qzye02yfnjjwnx8mgmltt6f4mkqe4z9z,1D6962B6208A0295EEF8F5C95BE7BE55D86835E9EE45D583EFC5F9A0430B67CE,"[{""denom"":""uatom"",""amount"":""5000000""}]",2023-04-05T10:06:41.154889755Z,
cosmoshub-4,cosmos1pd5v3d5mx52634y5vu3fxy8k5380fenfaup985,1FA246DEEFB19293261D029455E3976EE14E6F65A42B67536248AB7C964C22A3,"[{""denom"":""uatom"",""amount"":""100000000""}]",2023-04-20T17:26:38.044789936Z,
cosmoshub-4,cosmos1c8eq9tw92s8wygw8xwtfqjj6swp8msrmjh3lkf,202473ECC404F2EC11E96D2653B6A2F8803D74716FDF2FDB84C2519F22266C1A,"[{""denom"":""uatom"",""amount"":""25875797""}]",2023-04-28T19:38:25.588332524Z,
cosmoshub-4,cosmos14j2na5uvf33r9a7nun2zq54636r8e3rktd93yh,21E965853B219A1BE9C878BE2F8343F3EE14D013355ADC4B6614E2D79F19198C,"[{""denom"":""uatom"",""amount"":""3000000""}]",2023-05-01T21:01:03.660828695Z,
cosmoshub-4,cosmos1k0g7hacqf25ahx75x3p0dqsch73xk4me6knpqg,236B1293712211AB05C80F3B2003085D98A5B70C8A5C27B5FC1389F637DDA98D,"[{""denom"":""uatom"",""amount"":""10000000""}]",2023-04-04T06:11:03.535764408Z,
cosmoshub-4,cosmos1auczavgptqrs8dfnaqvtgfsmyktyve3kjk42yd,23AF0B408F7340B67CFAC83362BC75F513EF7B1638AA3E5806DA9D8B23C74D1D,"[{""denom"":""uatom"",""amount"":""20500000""}]",2023-04-06T17:08:49.401657022Z,
cosmoshub-4,cosmos1nlj2ggcffayevf5jgftn9nvkssxresej8nj5ya,24451A2BCEF562686BE4CDAB512EC376A88CF6B3252D1154DEEE7E7F27E807AB,"[{""denom"":""uatom"",""amount"":""3203241849""}]",2023-04-29T04:17:47.184154471Z,
cosmoshub-4,cosmos15sw2j9erj6g097hzmyttpjagvnjc8uedlf4030,2479DEE9DB726FAAE4C6D433AC9B46AE2225604E5933930C4D6210C0E714B3E9,"[{""denom"":""uatom"",""amount"":""500000""}]",2023-04-20T09:08:09.310498387Z,
cosmoshub-4,cosmos1h22vm6ggnwha77mradt5aagzngq62zsjc6r3e4,24BAF6598942D0634A65F84BB50637A527F7B1B63214F7A0E1AFF3B33FC2CA3A,"[{""denom"":""uatom"",""amount"":""439201""}]",2023-04-24T21:58:25.214481131Z,
cosmoshub-4,cosmos1y2gnfdgd8xn3e0hec2alkgk8ed3azc5x6ythuk,24EF49725F619C063EE9ECBB596FCBB8059624936969CD8E7CA26D33369A981F,"[{""denom"":""uatom"",""amount"":""1320000""}]",2023-04-29T21:26:03.060546043Z,
cosmoshub-4,cosmos1dws9gzum2vch3fe8nnkuqpqzrfdqs4da5yapgj,25EA15EB3A4907CF65B76E63F03EEB4AAB453019CF93DBCB6E74511A5D84CD91,"[{""denom"":""uatom"",""amount"":""2000000""}]",2023-04-27T22:14:16.457042749Z,
cosmoshub-4,cosmos1ysq9gst3vx5yt4wmkeedl6jhqq0zkxtts0pmcr,25F27E30E7E2EEE99C91B4F849E23E36F851CA8D30A8E7F7CC4DD2F598F00638,"[{""denom"":""uatom"",""amount"":""300000""}]",2023-04-24T18:38:18.979193652Z,
cosmoshub-4,cosmos1ty6q0dlm0awe9pjzukt0e5c49xr0hx853m68vm,261EB0B4AF932BEAEF580ABDBFD2E38429C823B149B98BE2CBA8E7A5826DF584,"[{""denom"":""uatom"",""amount"":""3000000""}]",2023-04-30T00:37:36.115691460Z,
cosmoshub-4,cosmos1vulnqls2fl48cmkjmrxvacz2zq68c9ucjk0ca2,26911226AD30EDA54C24084B9D78BDCD7E7686C210CBA3CAB740E553CCFE22E3,"[{""denom"":""uatom"",""amount"":""1400000""}]",2023-04-15T08:27:55.641404129Z,
cosmoshub-4,cosmos1xa925aq3vkmn5p6hmc0cppvgpzc4zeumy73rzn,275FAC993C0966C1675A6437CBC62F8C239FE8FBBC0CC5F894AA94C0C7D43723,"[{""denom"":""uatom"",""amount"":""6000000""}]",2023-04-21T21:09:09.414360807Z,
cosmoshub-4,cosmos1sfk9etyv0uk4z850fruw9ux37vz8jv9j6mah85,28AE29C330A99923B57DEB5925A82A3EEBCB2E57C82F306C2836EB6A977337B4,"[{""denom"":""uatom"",""amount"":""100000000""}]",2023-04-28T05:44:37.187023108Z,
cosmoshub-4,cosmos1jt59wglrqhmw08y9appg7cmwxkzu3mddlpdu2s,28CF9239D48CB2980749129C5D58979B75A37065DBB71BF26A848DDF632AC87F,"[{""denom"":""uatom"",""amount"":""1000000""}]",2023-04-05T15:48:01.698185388Z,
cosmoshub-4,cosmos1aq4usrgpgre72zlfp4lzqjtqyrqhpmskfkhxm2,2AE0B4BC4F2DB1608268C6ADDCDEC2166ACC17CDDB3E43573ABE7D281CF5557D,"[{""denom"":""uatom"",""amount"":""8000000""}]",2023-04-12T21:31:00.178179413Z,
cosmoshub-4,cosmos1gm72w7xz0fhqfq9dvh07vxcrwnlpk9z4q8n09f,2B568F8B735C20BA5EB1E96402939F036DC260F9D48A2C23408D6EFB94C5A2B0,"[{""denom"":""uatom"",""amount"":""1600000""}]",2023-04-19T00:41:04.571024594Z,
cosmoshub-4,cosmos1h5n07njuqljxv6tsdsvy9q0k9aqzmeq4kea4j6,2BB751E406CD9B4930A63F56C8B91D6103C33A26B7F6CCD29060EC81B669DD66,"[{""denom"":""uatom"",""amount"":""1000000""}]",2023-04-30T17:08:35.077591450Z,
cosmoshub-4,cosmos1ag7akwwh5adl6hl5grw02rjjl4j3p3hyfuchck,2BC2C9F2BB0B2B402E819B58F5C141EE16F6AC3388B0BBEA3DAA719BB01E25CC,"[{""denom"":""uatom"",""amount"":""88530000""}]",2023-04-28T23:58:04.001836665Z,
cosmoshub-4,cosmos1ku8s5n82p7tmjrefn7yne4shcs9z5l57ld254a,2C4775F032960A5924110A10F2EFCAEDB2F394905E4611A84375D8F75E3785B0,"[{""denom"":""uatom"",""amount"":""1000000""}]",2023-04-30T15:25:24.991787447Z,
cosmoshub-4,cosmos1xppn98w0gg6wl0q2g2nasmkqlf2elwpkl7fc5y,2D438624DCFE036FCCB7E97275759B1B130088DDE01BE75F122B655A819FEC81,"[{""denom"":""uatom"",""amount"":""6500000""}]",2023-05-02T02:57:26.465165977Z,
cosmoshub-4,cosmos1jdven2lq8nk6n5qzy2xnrylnf4kzwyrm0sn535,2E30F728A4523F7B07D7294FEE0AB66224A0902D11BB29AA53C9FF63064A6C98,"[{""denom"":""uatom"",""amount"":""800000""}]",2023-04-30T10:54:44.471166096Z,
cosmoshub-4,cosmos18209hfrqcwvu9gufukf73v0y0kmwlzzevqvnrh,2E6C2A1B09FAC9FE0980A663E3537E7214F354F34C12ECE23BD6832C0BB209F0,"[{""denom"":""uatom"",""amount"":""131424""}]",2023-04-19T10:55:07.359796773Z,
cosmoshub-4,cosmos1nlamcq55l0u5emnqqxtmldrtsre82th84pxcjm,2E8C2417F30BCAC143B888A313C37CAAEA5A7E35A04C202539742A2140FE80AB,"[{""denom"":""uatom"",""amount"":""1405428""}]",2023-04-05T10:25:39.386248810Z,
cosmoshub-4,cosmos1gn9cjw3u495cxsz5llfqup0ymxtsf98ma6w0z7,2ECF59D46FDDDFA946DE68A6D7040E9FD25A728D207D2874917D8541B4473FBD,"[{""denom"":""uatom"",""amount"":""1513378""}]",2023-04-04T21:29:31.664598169Z,
cosmoshub-4,cosmos15urq2dtp9qce4fyc85m6upwm9xul3049um7trd,2F9010016ECF054FDBCE2FEF9BA6030F21735369A3D987675FD1BCAAF05926E5,"[{""denom"":""uatom"",""amount"":""20000000000""}]",2023-04-12T20:08:40.887193876Z,
cosmoshub-4,cosmos1dfjp6zfft4jpz8zftxrmkadskmhf3r7ykvn0n3,2FBA40F539557E3EE8B6DD087007458DB2B5BC9643F7C07C0E963B795F5729D2,"[{""denom"":""uatom"",""amount"":""5400000""}]",2023-04-28T23:11:02.896490005Z,
cosmoshub-4,cosmos1lmna6t26kya25jqcj2zua28ezmz23vrhala5u8,2FD45F2E77EE66DD2F881460C78F483912D2117F4F7BE74BD1916274B702F410,"[{""denom"":""uatom"",""amount"":""498812""}]",2023-05-04T17:13:37.148087900Z,
cosmoshub-4,cosmos1pv25l0v7e073mkhaz97vm74280zl5mhz5ygfnw,309AB2F3AF209B674EE7BF3531D7F60A318078A2A1F39BA7A1FF692DD77ECD68,"[{""denom"":""uatom"",""amount"":""300000""}]",2023-04-28T00:29:48.863209141Z,
cosmoshub-4,cosmos1zhkynyc8esmlvcpqq4v5jl8m33ttmc5fu5sxfg,30C071912D0BFFAB4D3AD23AFBD658A437B886B25B20EF8980555D6CE108789C,"[{""denom"":""uatom"",""amount"":""20000000""}]",2023-05-01T11:25:35.427103014Z,
cosmoshub-4,cosmos13ehzgru6en30s25aw35cdrkzx2xm7xdsrfrn46,324244FCCF0579744D876EBA403D08C2DB675A371946E7D953871E2C2B9362DC,"[{""denom"":""uatom"",""amount"":""1000000""}]",2023-04-04T20:13:36.754237258Z,
cosmoshub-4,cosmos178swfpjp3qwes3wj8ffzqla9m56ewzxm8dx4sy,32AB1FBA26A12FF1AB7CE77F0DAB6CF2434A47DBA227FBEDB2FD344CE583A8DA,"[{""denom"":""uatom"",""amount"":""1153036""}]",2023-05-02T15:05:08.247921747Z,
cosmoshub-4,cosmos1w3wnq0dxredrn3adhltew6u7rk3fse6v9j3366,3340D7471A60FD2A223D8C4C2D9CCE289B498CB76F257E88DEFFA15C8C0768BA,"[{""denom"":""uatom"",""amount"":""10000000""}]",2023-04-05T17:45:30.005012520Z,
cosmoshub-4,cosmos1njwm0jp822aqfk6m727dw3w7ntqrrj79yz0v5a,33B571292016F991FB7F5FD175F1DC7DFBAE7D546B52D423C9D4715D38C1252C,"[{""denom"":""uatom"",""amount"":""300000""}]",2023-04-10T04:19:38.918899934Z,
cosmoshub-4,cosmos12dutaa0aandvs0f3sx7xfc6l6xvpml8ftgmx8h,33BDE37C909011839100FD83F3369B8F89265F12B22A610A4344DA2AA135DA46,"[{""denom"":""uatom"",""amount"":""3100000""}]",2023-04-29T12:19:55.998164288Z,
cosmoshub-4,cosmos10w02jr8meucsueqesd54a2waahf2wxqaj9mh2h,33E928F009C9A6736C388316567CA3E710A31E6AFBA2CE7D0AEE5668C96F8DF3,"[{""denom"":""uatom"",""amount"":""42000000""}]",2023-04-28T21:47:39.242344555Z,
cosmoshub-4,cosmos1kvn6ejma4xdv6v66n869ca8utjs2d3ehyv40kv,344B35DEB45AE1FE4A94D015381F3885CCF920AB7CCCECF4D7BE9A02A63A5083,"[{""denom"":""uatom"",""amount"":""300000""}]",2023-04-04T23:41:27.117205750Z,
cosmoshub-4,cosmos1x8ltc5dr5h7pj9y44v9k9lyg8mcmeejhjw54la,34A165F72E8F271A5C1C81C3D27B888582D8D32E28EF4EA378432BE13073C68C,"[{""denom"":""uatom"",""amount"":""2027476""}]",2023-04-15T14:45:51.658641333Z,
cosmoshub-4,cosmos1pekwjtc8dsch94sen0ss2h89pnjne888vhdm7t,354A53879F3EAC1D4A14A78B40A1DD5EE842EA6EBD7AB3F5C70A730D53D9C683,"[{""denom"":""uatom"",""amount"":""4000000""}]",2023-04-27T17:08:48.436981414Z,
cosmoshub-4,cosmos14nhfsvvhxkekljd4r0fvpwqy2sfxja6k4dpja6,35E602585F74B1F4BCDA0EED8177AEF6DB8F2B20F42955D2716FDA6D07C5CF1A,"[{""denom"":""uatom"",""amount"":""1000000""}]",2023-04-15T14:45:51.658641333Z,
cosmoshub-4,cosmos133hnjgkclyym48w88ykwfdaacdqnjf6f783ncn,37AB8252F96ADFDA2749E98C3C84F18B9E7320D5893A625C0F99E95FD72DB85B,"[{""denom"":""uatom"",""amount"":""864577""}]",2023-04-12T22:09:11.234865429Z,
cosmoshub-4,cosmos1z5zq67l0gyje8stunfq5jczvns4y0zx8umr989,39A89A96A7ACAF36AF3387C2CDEF40A64DAC06670790BDA06010B637108872FE,"[{""denom"":""uatom"",""amount"":""1000000""}]",2023-04-19T23:35:55.772256697Z,
cosmoshub-4,cosmos1ny8jqmgld30m0atu3dqh54cjwdw054fcv2vc7q,3A3B471D30024F9B1EE8D3BFCD5D1F7D6F92A8EEAE3C3D5CE26A2EE798D3B17E,"[{""denom"":""uatom"",""amount"":""955776""}]",2023-04-05T10:52:25.468460890Z,
cosmoshub-4,cosmos1vtq75txmg9xe4x3tk6xd3tdcse8rvlrpawkacv,3A8278BB4377DFAF00E2436A49428A1EFCFA2AD1F423E3F4048C2182960A2427,"[{""denom"":""uatom"",""amount"":""2000000""}]",2023-04-20T07:40:10.003584569Z,
cosmoshub-4,cosmos1um2th2nxp6an472lmmwl5f9xwrc8mmnq38qnzl,3B5605960B6D303168BFEF245FB02A727D343E09624739EC5B92DFAA4970A0E1,"[{""denom"":""uatom"",""amount"":""334409""}]",2023-05-03T11:09:41.703607175Z,
cosmoshub-4,cosmos1e9kuj2xheyhmjyfjpx6xc78qs6eqnu9s84z7dg,3BBB97E6B1BF9E5621BAB7C6019EE548C075EE640BCE98214316910E8C5151D9,"[{""denom"":""uatom"",""amount"":""400000""}]",2023-04-28T20:30:41.828468948Z,
cosmoshub-4,cosmos1z64amnsgslu3aqtqs8a37x0e7qt2tuc3zhq5xh,3C4EB7DEDCF53ABF04F799F7D8DBC617B53207A8B796FA4720937DBA2339B04B,"[{""denom"":""uatom"",""amount"":""505394""}]",2023-04-05T15:10:49.334555257Z,
cosmoshub-4,cosmos1vxhtgx7pht6m4n2hv9qc74n5ysdh0h8f67kk9v,3CE4A2E772AB835F12484065A11E4E9D2A5F84EA646D29EDDCA14C2DCFC404F4,"[{""denom"":""uatom"",""amount"":""100000""}]",2023-04-13T00:09:23.888177133Z,
cosmoshub-4,cosmos1fm7wy6w5ezglglqlann2cnujsh8shpdk67qdzy,3D38F357C5C030018AB852F54F46C20DB52BB4DD416E9B70B3E49D9A4893193D,"[{""denom"":""uatom"",""amount"":""200000""}]",2023-04-14T21:27:12.598765427Z,
cosmoshub-4,cosmos1pd5v3d5mx52634y5vu3fxy8k5380fenfaup985,3D6BD11A860E67249E56421E35C710297FCB6182D3E7AF39246F22CC3542D9B6,"[{""denom"":""uatom"",""amount"":""6000000""}]",2023-04-27T20:02:17.790398760Z,
cosmoshub-4,cosmos1x03xrh32rguw9f54w8503v25c87fnn078np397,3D9792A1AB89545E427FBD0AB8EDD2FDA7E3AF455E6049360A53B5325D3A2467,"[{""denom"":""uatom"",""amount"":""1000000""}]",2023-05-02T13:28:38.394278644Z,
cosmoshub-4,cosmos153l8ng6puwut2kcjj74fk5wx34jaktckc96qds,3F24F462784AF865DC0C7BCF46A0FDECDA3997ECE5A15B5411D1519B4A6C6E4B,"[{""denom"":""uatom"",""amount"":""1000000""}]",2023-04-30T06:32:17.862031307Z,
cosmoshub-4,cosmos13lyzsxvz8yacjvnmxw48tkxvgk8nlr7429jmrr,4026B2E1197E6C575BF3542DE7FA89032EE2A4E87AF732EF8839DAE508F9BB25,"[{""denom"":""uatom"",""amount"":""1400000""}]",2023-04-20T08:51:12.717659570Z,
cosmoshub-4,cosmos10tmcmw2ldsy2wjplh93knnjwqrcf52wznq44r7,40388D6BB81643AC8F2A16D68083764B602D75551F18A6D9D3C139C2C8B7AAEF,"[{""denom"":""uatom"",""amount"":""930749""}]",2023-05-04T10:16:28.908780424Z,
cosmoshub-4,cosmos1gtlte6wd02q9u7q47zhht75p8fdjfvgwwemr5m,4076F240BED118607317D9811D1BB6B8DECA4A2341273463ADE598E595EBE819,"[{""denom"":""uatom"",""amount"":""105500000""}]",2023-04-14T13:07:19.364178919Z,
cosmoshub-4,cosmos10xzmzanzjqhwujkfg628x3g69yafl4c0xmkmjp,41BF0558FEBCBB2D0A3F3E631866BEBB41B98C6F3583A8140F7112173FCE5CD3,"[{""denom"":""uatom"",""amount"":""500000""}]",2023-04-28T08:20:33.525636182Z,
cosmoshub-4,cosmos1n4sy6w7u3e9k2xs4neywqwm5270sggxavchnzj,41EEA9B1DAB51C9D4AD199D1F772436BE328D2FC6B3AC403B7D2933445ADF9C7,"[{""denom"":""uatom"",""amount"":""700000""}]",2023-04-29T14:15:57.459739195Z,
cosmoshub-4,cosmos1kz22980et2kqkhek3gxywgqdpmgz5xvygalh4z,426D653DB5C370458B817718B93F7D7C1A2854D2487D91693410665B781EB9A5,"[{""denom"":""uatom"",""amount"":""10000000""}]",2023-04-04T00:31:56.113319896Z,
cosmoshub-4,cosmos147l6ml8xymdffxr3rlehv4hxzq069dc6ww8ud4,43DABEA7CF09DBCD707BDFC9761FF313B4F9E112067340D03C66E534EEECF163,"[{""denom"":""uatom"",""amount"":""1030000""}]",2023-04-06T17:31:57.698736997Z,
cosmoshub-4,cosmos1nm50zycnm9yf33rv8n6lpks24usxzahkhyfj88,442C1AB9ACCDA7C9321C39742EB02BA7424861571724CA91FF17914150A0CA09,"[{""denom"":""uatom"",""amount"":""38100000""}]",2023-04-05T14:33:32.836403322Z,
cosmoshub-4,cosmos1he6002lcfrf0yq9kp3lnrz0y7wumfr0qah7mkh,444773CBB666A25B91586D1CC5F9E2D3807DC4FF7F92EE8C4509A70E77497251,"[{""denom"":""uatom"",""amount"":""930558""}]",2023-04-13T07:13:21.693903412Z,
cosmoshub-4,cosmos17qg3pf85kj56z8lye25kpwvjx6cgftq0s08ngc,445B3B2BF5FA36665EDE60C8CEF2EAD7BC4EB8ABA8A0D8EC7A379D8E51DA72B1,"[{""denom"":""uatom"",""amount"":""300000""}]",2023-05-04T07:37:03.285967043Z,
cosmoshub-4,cosmos1frk2uh788h3ewy7eu429kep6690yknk8nuxjnv,44B05B92E54AC9A72A07A151A1C0868838E12CA610CF8213877915D6D0DCE782,"[{""denom"":""uatom"",""amount"":""250000""}]",2023-04-28T16:21:30.109296786Z,
cosmoshub-4,cosmos1um2th2nxp6an472lmmwl5f9xwrc8mmnq38qnzl,468ED58AC16C5DA38E0DB906E2419C69D5AB0F2E1A3FCF0DB0DB7AA56D15BB23,"[{""denom"":""uatom"",""amount"":""301050""}]",2023-05-02T10:36:11.038050165Z,
cosmoshub-4,cosmos1fvsgkuenrsjth04gh3a6420cu4mkdant7ukff5,477F62335CC1BE87E6C37F577C2E2A9A08B2342AAC1E9E6D20EF609E587BC1DB,"[{""denom"":""uatom"",""amount"":""17565854""}]",2023-04-06T20:38:43.635190290Z,
cosmoshub-4,cosmos1fddsd8y2xx2q9wx2ukr6ls5g35ts8799jax2qd,47B9C04E139CF04A0015B09AEDD243AB81A05BC33D213D01DF36821DE55BF3AB,"[{""denom"":""uatom"",""amount"":""700000""}]",2023-04-14T14:55:18.491382229Z,
cosmoshub-4,cosmos15wudenehqmhkhtjfmzrnp3u4ece3tyr8uu0twn,484385953BC4562B103BCF336EDF50152D6AD3DC884ADAC8212011DCBED806A9,"[{""denom"":""uatom"",""amount"":""349413""}]",2023-04-06T17:08:49.401657022Z,
cosmoshub-4,cosmos1gaqgs8d823ls6dqsy9g3am6cvhhr8clhjxls27,48570DD96D4BB2C4D0CDDCE35E33929585C027D7D91612D9FE7A046B027F8764,"[{""denom"":""uatom"",""amount"":""510323""}]",2023-04-22T06:37:39.348100472Z,
cosmoshub-4,cosmos1du6h94k2j6zsqhrmuzhyxe3sy6lt95j2hga3h5,48AE64388A13A796E739C5197C54EC1FB298BA8735C80A99029FCDB95B989537,"[{""denom"":""uatom"",""amount"":""3400000""}]",2023-04-19T08:23:35.681465382Z,
cosmoshub-4,cosmos1h50x8jphk6q0ksc5djlfrd7sujs6jdcglttr86,48E8FEA45951D4C052FB8852C36801368F454A9534CA51745A17F91A1C4E5E06,"[{""denom"":""uatom"",""amount"":""600000""}]",2023-04-22T22:32:01.409594934Z,
cosmoshub-4,cosmos1r7q6tyu4eu0dq028ee5udup7sn36s5lyh8z00y,4A71CD8668D4B5E88697AC653FBC90C1958B6510137C702525A3E6972A341411,"[{""denom"":""uatom"",""amount"":""9000000""}]",2023-05-08T10:11:18.886150495Z,
cosmoshub-4,cosmos1k3u3s7wpf2y8q7ecg00u8yke4u0gepkw8z4fkw,4A94A9BDEB2E08A900C19F8E1276E87CE8DBD1D2F00F95EACE07566A33DEFBDF,"[{""denom"":""uatom"",""amount"":""15519""}]",2023-04-28T13:48:24.193277565Z,
cosmoshub-4,cosmos1ammrmh8s8gqsqhf6fc8mp22vz69cz9f2xy8z2g,4AB4DCE1CCC326F37A1C9B1C4B7738B04F940B6AF691D9EE30ED7B865A5FC1D9,"[{""denom"":""uatom"",""amount"":""10000""}]",2023-04-15T10:35:31.823230222Z,
cosmoshub-4,cosmos1an6j539py3a6ynzsjp7r65j23qr5ydnvdfucax,4AD3B2C59571264C7D94E418C5A503545753AA55451CF95A208380580652CC5B,"[{""denom"":""uatom"",""amount"":""2000000""}]",2023-04-14T15:42:10.755964705Z,
cosmoshub-4,cosmos1utd2genfep9c4c3fg3e4zt6nlrruvwgwcx85w7,4B334597EA8D029EC2E81661969D7C16ABD63DF813B439CC3637BB8DFC220624,"[{""denom"":""uatom"",""amount"":""300000000""}]",2023-04-28T21:47:39.242344555Z,
cosmoshub-4,cosmos1nhmm3erpkwt6u9qt8jgas24t900ryu9ya6ej97,4B6EF0B8B0C60819F6A01CB69BDAFE7D0D50A8B2B1C069545666F6D178638CA6,"[{""denom"":""uatom"",""amount"":""3300000""}]",2023-04-04T02:58:06.471830401Z,
cosmoshub-4,cosmos150jkrlp53fqrj4kmzpk9pzk5geutekm6z0w76v,4B8A1127480CB2351AC044D03B35B58C499647016C6C1E82CCD6A4AFD5544783,"[{""denom"":""uatom"",""amount"":""1000000""}]",2023-05-04T23:49:01.784905185Z,
cosmoshub-4,cosmos17zefp2q46ats0327lkag4f8ve5zeljecsahuxc,4BB879A5B4F12D19BB0EC972247DB4F111C1E4DFC9766DFEE5F74317BB0A7BF3,"[{""denom"":""uatom"",""amount"":""3500000""}]",2023-04-20T06:24:42.906530789Z,
cosmoshub-4,cosmos149knvmjayx979n9ugg8uugpnnw34p2hx7cmlv5,4BC33122F9F37E2BDEA456741923D739437F796CEDE2483BEC9192F714113BA0,"[{""denom"":""uatom"",""amount"":""600000""}]",2023-04-28T17:18:18.504738610Z,
cosmoshub-4,cosmos165yw8g8cyy25kptfl63cdvkkcm2v7zwxluwfnh,4C42CC97080E105A3F773EFF36615E30A86DCDFCA973BBB8FBC467A270CC1C98,"[{""denom"":""uatom"",""amount"":""1496600""}]",2023-04-22T02:08:22.520099057Z,
cosmoshub-4,cosmos10tmcmw2ldsy2wjplh93knnjwqrcf52wznq44r7,4D52ADBAAE9B0349C5D326D866AB7A9FB95B9DD57EF975A8DBCC5861DE4D4FAF,"[{""denom"":""uatom"",""amount"":""800000""}]",2023-05-08T10:19:00.843176665Z,
cosmoshub-4,cosmos1u8kpj6l0h4j8mvl5lw6aag4xcceulqywkj9lwv,4D64FF0378E99D0D7A7F687ED7E1E3C46B7974D449EBC1BEA28004058EED5674,"[{""denom"":""uatom"",""amount"":""4500000""}]",2023-04-28T19:38:25.588332524Z,
cosmoshub-4,cosmos1vdmh5xcq42jzc3ykevy5dpsjqmq9hfkq2cqva0,4E9046D0E852B4DAA3EF839E49D54B35333CD42F5E7275DAD19A8685F5AF5168,"[{""denom"":""uatom"",""amount"":""10000000""}]",2023-04-24T20:34:39.025244293Z,
cosmoshub-4,cosmos14nhfsvvhxkekljd4r0fvpwqy2sfxja6k4dpja6,4F1E732F291ADD590046AC9D6F04063E869C57BB431F7BF2542F80442F1F2E50,"[{""denom"":""uatom"",""amount"":""1000000""}]",2023-04-15T14:45:51.658641333Z,
cosmoshub-4,cosmos18len3r8u5tj4uhhvp87g6qddjafr4vvk4uhfnr,4F44CDD7194036BEAF559BF1187857CF9B78628D7172854945B91389A0EFDAD5,"[{""denom"":""uatom"",""amount"":""1000000""}]",2023-04-06T22:41:44.560273807Z,
cosmoshub-4,cosmos1kvke9kvqnr7euc9z8xhpttz0st7wnvhc2fwpsz,4F5A93C4348A9BFCD01761E962848593AF5E12DAD70571B1F1BF5156F768A0A1,"[{""denom"":""uatom"",""amount"":""200000""}]",2023-04-15T13:38:17.284830938Z,
cosmoshub-4,cosmos1m4vfjh8pnt8rrhpx3sjxmpry5e86p52dw6shre,5019E6CB4B199FEE7C16FAB491ED60BF7C302AF51B1EE3344740A8AECDDBB98B,"[{""denom"":""uatom"",""amount"":""9315382""}]",2023-04-04T05:50:23.751149005Z,
cosmoshub-4,cosmos1z9pev3agkqpll4nsc33539rp5snm8ye9mtl3qz,51FF1EC8D448648D74291951345681500140363FA9E8B8894E7AA72651E86D1B,"[{""denom"":""uatom"",""amount"":""4800000""}]",2023-04-19T14:13:54.915717304Z,
cosmoshub-4,cosmos10w02jr8meucsueqesd54a2waahf2wxqaj9mh2h,534C3130DCFFE1D54BD64D2582C5B02F05A2814EA6AECBD871309E66D2F42C47,"[{""denom"":""uatom"",""amount"":""10000""}]",2023-05-05T09:24:21.023322689Z,
cosmoshub-4,cosmos1pdel6p0und52a0c3emeuhm32jwkvnz4sa9jkfe,53DF9F3171FBED40CAFE1FBA70EA774944326EAA63B4E5296A2DE753E28D5076,"[{""denom"":""uatom"",""amount"":""910444""}]",2023-04-05T12:44:47.191396847Z,
cosmoshub-4,cosmos1y8tg6rkzgwav0ef99rwa487y07vut8vtn4t23u,540083DE6538749DC1ED1066B4502AA4697435A394A45FFEDBF97B6660586A24,"[{""denom"":""uatom"",""amount"":""1000000""}]",2023-04-09T21:20:57.481016610Z,
cosmoshub-4,cosmos1frk2uh788h3ewy7eu429kep6690yknk8nuxjnv,5711BF9F55E3E5AAFC977A941D3B6654379DBB1F1EB07E83DA23EECD18C85D5E,"[{""denom"":""uatom"",""amount"":""310000""}]",2023-04-24T19:38:04.203621159Z,
cosmoshub-4,cosmos1h8fpf2lwrcynf4vzyx2f9hjtemaluhzcgt543d,57667083B2983254D5BA06D766B07BE918CF764DD0793912116805BED3016E36,"[{""denom"":""uatom"",""amount"":""900000""}]",2023-05-02T07:34:43.940164712Z,
cosmoshub-4,cosmos12z762kemv8un7qv33mjk4pg5n67trk5lheudt4,578C86A70F5612CFF6F222EC7AA6B637ED995C0B6E39309160C2EA637BC00945,"[{""denom"":""uatom"",""amount"":""530000""}]",2023-04-04T09:52:19.553297581Z,
cosmoshub-4,cosmos1hjztz6sdxy76rlegng44dk3nz0w4ec647jzmsu,57E5CD223E1335A8B89BE18283E3041B2BC17750CC0EA3601D13979BC45D6CEC,"[{""denom"":""uatom"",""amount"":""1000000""}]",2023-04-29T20:37:05.744031410Z,
cosmoshub-4,cosmos1ddmmtady24ncs5z8k5tuqyvpcfvxjc6uhczkwd,57E7B8AF080B757A65E05460DE8ACE1A700015BD41194DCBA9CE28F0CA497387,"[{""denom"":""uatom"",""amount"":""500000""}]",2023-05-09T11:44:38.412205630Z,
cosmoshub-4,cosmos1z3z365lydry32xghj9m8gt62mvddl55g5ad5h2,5842415D3F2DB99740F4621E0345527A7229D54A404A1A6BF1907168814B9AA8,"[{""denom"":""uatom"",""amount"":""1834549""}]",2023-05-01T20:42:56.450323819Z,
cosmoshub-4,cosmos150jkrlp53fqrj4kmzpk9pzk5geutekm6z0w76v,5936E5B46FC7C99FA8E60F3551AA023CD0D32FD8F83CB6BE29E6B4F28D64C2A1,"[{""denom"":""uatom"",""amount"":""1000000""}]",2023-04-29T02:53:57.123246520Z,
cosmoshub-4,cosmos19kh5z7ujuuf4vlrphecw50vgywemdd7xdtqgql,59587520EB6D11880C58261B22F680552AA3D24922BF9E2D2DD786E18A66AA80,"[{""denom"":""uatom"",""amount"":""500000""}]",2023-04-05T16:26:54.442717510Z,
cosmoshub-4,cosmos1vymsmnxqcdwucanu0ysjgnyf6hpq6w9n2cnn7f,597ABCA423C5FD7EE67239D99DCB938D95C65BF5E64B886C6C199257D5B8A058,"[{""denom"":""uatom"",""amount"":""500000""}]",2023-05-02T22:24:30.053805867Z,
cosmoshub-4,cosmos1e5fgjtmw98rshkc733tmfdpjus2dt0vssfzdnj,59CD4014B09139ADA55DB22CA81C1F46F28B4BE6AF5DEE58832F38123103016E,"[{""denom"":""uatom"",""amount"":""50000000""}]",2023-05-03T00:55:03.567327220Z,
cosmoshub-4,cosmos1z2w333ttrqhkvpu4x9v059l7q6k9avcduce8rm,5A4B785B61D9FB4A27820EEA96AFEE7B85E52291C8D6DC4E65D5890F85DC0A06,"[{""denom"":""uatom"",""amount"":""1000000""}]",2023-04-13T06:23:23.173537734Z,
cosmoshub-4,cosmos1ncqcmcw7ysnwxsws5h4e3ydzf6qfx5l3ks4gvq,5A54BD695F32831AE44CB3A5188060D1A3A371C8CFDDEF34E32F353C072BD525,"[{""denom"":""uatom"",""amount"":""689121""}]",2023-04-28T20:02:29.484353798Z,
cosmoshub-4,cosmos1574xa6yhuvzhzz2330j3dx9ags5vp8vnuzy983,5C23F5059D302C1F56DC10B814A31E5366A67087213317E2B91777AA28D2DEC2,"[{""denom"":""uatom"",""amount"":""25000000""}]",2023-04-07T06:13:00.259929646Z,
cosmoshub-4,cosmos1sxc7qkmsxyqrtuqepvh6mkdtrpdtvxf972cakl,5C2E63F333CD08A95F0227B93742148EA35CC9997271C1B930DCB050A6410E47,"[{""denom"":""uatom"",""amount"":""11000000""}]",2023-04-15T16:40:27.987063715Z,
cosmoshub-4,cosmos1tmvxp4pw3krw5ucx6fp9f2pfplwlvrn4z339rh,5C445EC263E655D02E97338BEF206C69A6A38A993F81A0F25AE1B998D585CFD8,"[{""denom"":""uatom"",""amount"":""150000000""}]",2023-04-22T18:11:40.220794274Z,
cosmoshub-4,cosmos1e3zw3zxmw5xvfetrt4pnj2umu6kyy6u0h2rnx4,5C7423B8430928F63D56D4CD8182DFC4766250C09548759EAA1D9528E19F6B9C,"[{""denom"":""uatom"",""amount"":""31000000""}]",2023-04-29T12:29:59.534734676Z,
cosmoshub-4,cosmos1yxt425jn7rxgzagxlhv9l2yajkv6n5htc29rml,5CB8FB3D8D27FA1CF856045FC50FF327801F721011B6A7BFC479EA8450AA9469,"[{""denom"":""uatom"",""amount"":""1400000""}]",2023-04-20T11:42:40.396810117Z,
cosmoshub-4,cosmos169ds0qcz8qcjycapzudlnrjjx9dh2z8zg27lx0,5DC211874EE26AFF145D206773F4974235821254C21A13063EF2FDBF3BC4B129,"[{""denom"":""uatom"",""amount"":""3000000""}]",2023-05-08T13:04:05.363590120Z,
cosmoshub-4,cosmos15utxghk0gs9h30hjdmg8ya2g4seau3p957770q,5DED3AA3FDDAF2FF03BBC7685469F09F769959D610E1D653A947211F8F7CDBAA,"[{""denom"":""uatom"",""amount"":""27566""}]",2023-04-20T07:27:52.348970829Z,
cosmoshub-4,cosmos1uf9zgjd98945lppdjragmevkqwe6fgdy8mu4ek,5E2870F4C9C3472B4C9DF067A6A2053D2E2407B8EF1319A9D3EB0634FA4026D4,"[{""denom"":""uatom"",""amount"":""82000000""}]",2023-04-20T13:38:31.596279942Z,
cosmoshub-4,cosmos1vfjedp8thp3nx8a2m50zyvuh7gcr36z5lt9aen,5E916300F2CDE3C708AED6F7D8B9A940974DA7DDBE1DB463B4310A60376E6CCB,"[{""denom"":""uatom"",""amount"":""300000""}]",2023-04-28T17:18:18.504738610Z,
cosmoshub-4,cosmos1gs7has74zl62n3cmqmw2uulgj4u7tv099n6pyh,5F3606CE12189E587535DBF4ED19E3540DE386518125F94B80EE30160A048A5D,"[{""denom"":""uatom"",""amount"":""5500000""}]",2023-04-15T09:48:30.784024162Z,
cosmoshub-4,cosmos1yfjnnvlsut9cn0n3alzjftxlcv3863956zdk4v,5FF74E3F2F49883B80844BAB564770CD80F7E907BC61631AE9B440AC9AC05382,"[{""denom"":""uatom"",""amount"":""1030000""}]",2023-04-09T23:29:42.766935854Z,
cosmoshub-4,cosmos1xjhjqpu055404wahql2ulvpcfhl3cyqfy3zadu,601C07F9A870E0388B40187EAD4E95F0CD74E4A7973D14843C194AF6F76C31FD,"[{""denom"":""uatom"",""amount"":""5000000""}]",2023-04-07T03:49:21.854884534Z,
cosmoshub-4,cosmos10tmcmw2ldsy2wjplh93knnjwqrcf52wznq44r7,61B256ED1FBBC008EBA702F7E8A743E3741A6E885557255A86D0493C7ADE2C67,"[{""denom"":""uatom"",""amount"":""1000000""}]",2023-05-04T09:56:37.467907646Z,
cosmoshub-4,cosmos12ke0uktawpc268zfayx3zxpvp039ah5y4c4z2e,61DAC6E85A4B9B52E6F2B119712C80CEB378D0724CF778EA39EC5757A947854A,"[{""denom"":""uatom"",""amount"":""800000""}]",2023-04-14T15:02:29.465687932Z,
cosmoshub-4,cosmos1hfcgwfr3kwun0aqupp7v5xecfvvthfm6af3tar,621904B8DF90C3839E4EE9F53E10E9383BCCDAF2C89F3AA74769765EE6B4F5F9,"[{""denom"":""uatom"",""amount"":""793949""}]",2023-04-24T18:35:50.691395796Z,
cosmoshub-4,cosmos1hpls5nzr933e2zqltp4f8lq973tzxv4rystz83,6239755260FF8275AEE0C5A762ECE14617842A61967CF7C48FCBC21B28C82FB5,"[{""denom"":""uatom"",""amount"":""300000""}]",2023-05-03T06:00:11.041167184Z,
cosmoshub-4,cosmos14hew5e5ua5pzhr6swnr0t2md6up7qmgp0retkg,62460FADCC4BA0C51663ABA68937EDEC98233526C86A82BB4A757EED2069C6CC,"[{""denom"":""uatom"",""amount"":""16397054""}]",2023-04-19T12:28:13.520039508Z,
cosmoshub-4,cosmos1jy8jkema99h67mxen5nrk7c6k3n7j6lasns7zv,624E7386CA7D06D1D9EB20808C5E0E45DD630526BDEA083423008EF4026F105F,"[{""denom"":""uatom"",""amount"":""1382000""}]",2023-04-29T21:01:38.908425016Z,
cosmoshub-4,cosmos1m4vfjh8pnt8rrhpx3sjxmpry5e86p52dw6shre,627F381A206BE7B12BBEAA91C43FACD850A5FCCE3D32D98437221B3610DEF374,"[{""denom"":""uatom"",""amount"":""398788""}]",2023-05-08T13:37:26.103073751Z,
cosmoshub-4,cosmos1qup8x2yzup9zgd2heneqq59qzyhdmx9n9788ue,630F413C5979A9C9B509934907A47C9097E39153BFEED79126E04AEEF3113164,"[{""denom"":""uatom"",""amount"":""1000000""}]",2023-04-14T03:21:59.277933857Z,
cosmoshub-4,cosmos1gaqgs8d823ls6dqsy9g3am6cvhhr8clhjxls27,65825AC7DABCBC14F70B11D88A8917AAF33DBB29E68BB8AB9A4083A0A68DC6C1,"[{""denom"":""uatom"",""amount"":""1495935""}]",2023-04-10T00:34:11.440370443Z,
cosmoshub-4,cosmos10lwh9n5hsxqhhma4nc26k72mghy0lr4dyp9eyl,65FBD398F0B5231973460740FAA2731A24C2946DB717DB8146EC7FA8933C024A,"[{""denom"":""uatom"",""amount"":""27172""}]",2023-05-02T01:41:03.008490349Z,
cosmoshub-4,cosmos10tmcmw2ldsy2wjplh93knnjwqrcf52wznq44r7,66F5540680FB7485A91289BB21A6D34171AD479C8F9AEECB1CF9B2461C003FED,"[{""denom"":""uatom"",""amount"":""800000""}]",2023-05-02T10:43:54.409138721Z,
cosmoshub-4,cosmos15zj829htn7uzqyaaktxc0z6ew7rkw6frcvfrry,6748B868A5D7331CF15C75723A51B232D226CC0771112F1B3AC9C813A40F5A41,"[{""denom"":""uatom"",""amount"":""1100000""}]",2023-04-19T19:49:57.491594428Z,
cosmoshub-4,cosmos195laxyq3nvzf5uhp4nlln9pxj90al8ds6t8fq7,680113AE90C3001F6579D8E226B6260E8964B0CE9F2D3D5BC9BABE0DE1B634DB,"[{""denom"":""uatom"",""amount"":""4853271""}]",2023-04-28T12:07:30.375526842Z,
cosmoshub-4,cosmos1xcvrq5fxalld6vvf4t5l38jlvdlj3wh4jk6c3y,68DDBE68FB2FD7F417E06A6D4D6F8AC3FC4C1B0C9E7D7126353193E1F7F85588,"[{""denom"":""uatom"",""amount"":""5200000000""}]",2023-04-12T21:54:27.455098981Z,
cosmoshub-4,cosmos1u8kpj6l0h4j8mvl5lw6aag4xcceulqywkj9lwv,69B04BD15DDE88BF887D5992B8B738A5AA5D401720FC4F5B5EE961131FF2F06E,"[{""denom"":""uatom"",""amount"":""4750000""}]",2023-04-22T08:15:45.261992996Z,
cosmoshub-4,cosmos10ltrp9e3gungrdjl586efk6yed72xkc3n6apkh,69DF8E2F0C47D55CEAD10162412FE0D8430E5D7019B4937402B1909418004734,"[{""denom"":""uatom"",""amount"":""6000000""}]",2023-04-13T17:43:51.812286977Z,
cosmoshub-4,cosmos10tmcmw2ldsy2wjplh93knnjwqrcf52wznq44r7,6A26C2AFEF6B237FAA59BA5AE630E1F6BF4871C422EFF4958705A43EE99FDFBB,"[{""denom"":""uatom"",""amount"":""400000""}]",2023-05-03T08:37:35.774677249Z,
cosmoshub-4,cosmos1h2avx8wtkqsecgctfzxfdv8599pth2e37llx9z,6AD329D2A5B4B47EA73120EC8A8782159A00C63E0BEC898890BDFB7511D91A68,"[{""denom"":""uatom"",""amount"":""4000000""}]",2023-04-03T20:40:44.123586825Z,
cosmoshub-4,cosmos1w6dpa2l2fc3v2rc9dpuhqg4lt6ykvlqgq0k82p,6B5982FE96B0542617F1CC33EB55CFB187633B90FF6D8AEABBFCA870735A7F19,"[{""denom"":""uatom"",""amount"":""1000000""}]",2023-04-10T04:04:44.171767318Z,
cosmoshub-4,cosmos1ky7m39mszht0rveq9y0ramqnash6jp5kxn7ann,6C0CA01B9583DECCE567D1D9F0197647290A27BCF90954F2C8F69C68DFBEA0BE,"[{""denom"":""uatom"",""amount"":""7000000""}]",2023-05-01T08:01:15.028791268Z,
cosmoshub-4,cosmos1h2hvf4nse977k5uyt6wq7wdxazvc5v05fx549z,6C2ACA170A5B9442C9ADA2F2B3B6C6E0D87AD0F334389DC1DF4411E075393B32,"[{""denom"":""uatom"",""amount"":""50000000""}]",2023-04-19T03:30:08.974332580Z,
cosmoshub-4,cosmos10cexzazvlq4dkvqn4f86r4s98zuv3r4fd3px3u,6C80AB15216F54C57C3CD3F40FCC3801FA0E21BEFE75B642EEFBBE2C1F4197E0,"[{""denom"":""uatom"",""amount"":""210000000""}]",2023-04-28T18:47:49.942832331Z,
cosmoshub-4,cosmos1pvwussxtdv2m2cutv8atgpy40e7g947u0ax9r5,6DCA02AD1ADA754960AC7C1D8E3E1CF8B9C203D7D9B1CADEC767A357F82B5E03,"[{""denom"":""uatom"",""amount"":""10755000000""}]",2023-04-28T07:01:21.462102177Z,
cosmoshub-4,cosmos1n4sy6w7u3e9k2xs4neywqwm5270sggxavchnzj,6E9239EF59A6A5183F71408E536504AC5C20044ADAFCAC546C7F4C4CFE332FA1,"[{""denom"":""uatom"",""amount"":""800000""}]",2023-05-02T17:33:33.219509651Z,
cosmoshub-4,cosmos1kp22rcpkavm47tt7xahnjjxf4tjdlrf0z2zgst,6F4B484CECC6338FB874171D44500732376D4FEB5E42445E306594F96C351466,"[{""denom"":""uatom"",""amount"":""100000000""}]",2023-04-20T17:08:37.914922024Z,
cosmoshub-4,cosmos1e8hnmr4qv3ap7667tgxnuy0mr6xc8vq7u07hef,6F5C777347A86BBC3775A0CEBBCB91BBFFC66B51310845F9E0368D5585C00539,"[{""denom"":""uatom"",""amount"":""2000000""}]",2023-04-05T16:39:45.273505184Z,
cosmoshub-4,cosmos16up9g2za6aqrv6845uz87u0cyuprzwvxzpfckr,6FB9816FB0DB01460B0591FD929F96DDB4DC8DE97A48AB5C03F4984105EF5AE1,"[{""denom"":""uatom"",""amount"":""5000000""}]",2023-04-19T00:57:59.057354698Z,
cosmoshub-4,cosmos1sndjaty3lz0u653xgk76c3rkpujjtx292tt6d8,6FDD1D4B591845B14147ADD6D1C51FB223A3829F389E4130D9C07EF2E0658792,"[{""denom"":""uatom"",""amount"":""400000""}]",2023-04-25T05:23:45.365565489Z,
cosmoshub-4,cosmos1nm50zycnm9yf33rv8n6lpks24usxzahkhyfj88,70409E66C8FDD771C76ABCFAC555425AA5BAA5C92F4A531F43290B9FEC85E2FF,"[{""denom"":""uatom"",""amount"":""45000000""}]",2023-04-30T16:30:02.621252273Z,
cosmoshub-4,cosmos10tmcmw2ldsy2wjplh93knnjwqrcf52wznq44r7,70589AA00F9104FFC120446B320BA9D459A087629F8F6649F9678DACBD034343,"[{""denom"":""uatom"",""amount"":""15300000""}]",2023-05-01T17:38:36.181743399Z,
cosmoshub-4,cosmos16ptnckmalphj82d86venu8la72aumv8j3dxw77,70972AB3BEBE093093E25219820876311A4A03C866329A29C873059FE1CCF9F4,"[{""denom"":""uatom"",""amount"":""38000000""}]",2023-04-28T23:26:02.499857578Z,
cosmoshub-4,cosmos18ut040zez44fxejxmfs02ed6vtdmwhpeex852y,71E3528666A30FA664C8F41E96CB5D357A88FD033CBCC9E0FCB4E9BF0482E75E,"[{""denom"":""uatom"",""amount"":""204711""}]",2023-05-02T22:24:35.850394145Z,
cosmoshub-4,cosmos1gvsst77cgv0dktgmlcckx77t0jf2c7gdxlx62c,71F326DB8A0DDAC3F8249F3C34E0F8DDF60F0DF01E6506705D07E10E74BF6E32,"[{""denom"":""uatom"",""amount"":""30000000""}]",2023-04-29T15:57:09.952957020Z,
cosmoshub-4,cosmos10w02jr8meucsueqesd54a2waahf2wxqaj9mh2h,724715A2C8E525145C054023EE6FC3DC46522AB91AAD1FF102C591F1A09FE89F,"[{""denom"":""uatom"",""amount"":""10000""}]",2023-05-05T09:20:59.301227297Z,
cosmoshub-4,cosmos1dlhjna08z6fwetkqvhc7j0zwyw6lysc8fwtz0u,7342C37D5E22D24FD83DF5163279D0E1910ABE69E1228D32F2755087A0707983,"[{""denom"":""uatom"",""amount"":""788746""}]",2023-04-30T11:14:25.040552544Z,
cosmoshub-4,cosmos1nm50zycnm9yf33rv8n6lpks24usxzahkhyfj88,73743713DEDC2A442A9571035BE1FE9718F5B196497FE83622D39B8673DCC758,"[{""denom"":""uatom"",""amount"":""26000000""}]",2023-04-20T19:42:14.975836071Z,
cosmoshub-4,cosmos1x68h9mgxsnzq9ewfyp43e7shg3xmkl4vcj66uc,7451DD0F2B8C05465B13A3772E87DBFD7E683EBEDC1E2BBCD495C191F8B30F48,"[{""denom"":""uatom"",""amount"":""14000000""}]",2023-04-13T20:08:22.941266032Z,
cosmoshub-4,cosmos10w02jr8meucsueqesd54a2waahf2wxqaj9mh2h,74B2FCBC0EA543AFD74A7DBD56E1F30ED86CEAD50B8C5A5FFFC7D4F6D8538A3D,"[{""denom"":""uatom"",""amount"":""10000""}]",2023-05-05T09:31:46.302258614Z,
cosmoshub-4,cosmos1k0h54pzdfz77weeeskjev78p7cncev6rsnravj,7514E189CB43E556602E1D4AFCCB5157A0228AF65294F4DE0A68773E4DDA983C,"[{""denom"":""uatom"",""amount"":""1050000""}]",2023-04-05T11:49:21.522142194Z,
cosmoshub-4,cosmos1ka8sqfyewwvdlycgl466rd8x7tytpp766afujc,757B19EE0C57B83C27EA6A7C7D5095D0C07545725F52851DC90C0C27A82379CD,"[{""denom"":""uatom"",""amount"":""2730461""}]",2023-04-19T17:08:44.663356205Z,
cosmoshub-4,cosmos1m4vfjh8pnt8rrhpx3sjxmpry5e86p52dw6shre,7603C68B1C503E37797742F2DAEB3473B5FE8EAC9ACEE02B7DC0D9F074218985,"[{""denom"":""uatom"",""amount"":""735544""}]",2023-04-19T13:53:58.653049424Z,
cosmoshub-4,cosmos1488kv08va80uyw3rqm03dxapmgak6mx47kxn6q,77F3F7C75CA4B4C5114BCCFAB9A94CE7E39D55C0E39A86B92FC65C4BF60B16D9,"[{""denom"":""uatom"",""amount"":""3300000""}]",2023-05-02T01:21:42.678249684Z,
cosmoshub-4,cosmos1rwa0zaw2xdp3uv3rvyq7q4a6wygccr45pt6e6v,77F3FF9B62482A631ACFE615DB2E46B0B5DFC271AAC6E87D308BCAF87048B060,"[{""denom"":""uatom"",""amount"":""500000""}]",2023-05-02T20:00:04.516501311Z,
cosmoshub-4,cosmos1pxlz6qke27gzrymcylpqgfh2hahm7gvweq3xsy,788402E1CC959CCE23EA698BD9E9006A5DCB2022DF45E6738F8412874A119C7D,"[{""denom"":""uatom"",""amount"":""19400341""}]",2023-04-10T02:43:14.761277151Z,
cosmoshub-4,cosmos12vpc8j0jjhjh8mhtqrnegkd6l5d7jvgvg2pwnm,78DBA9BD56C6FB7B8056550B8B7BAD141A4A3486618F29404F76FD633757428F,"[{""denom"":""uatom"",""amount"":""52000000""}]",2023-05-03T09:05:24.104159057Z,
cosmoshub-4,cosmos1xj050ejzs04q770s23f5qftfs2wn2upj3lqfjj,78F9CA8442B46782A9DD03B6747DB4780B0783DD9A94397852BF747BB07A1D63,"[{""denom"":""uatom"",""amount"":""310000""}]",2023-04-24T17:37:15.744302642Z,
cosmoshub-4,cosmos100ywfax95u9c6mndxzuqkq2fdkv7f6pqntq8qt,7AE70E05F47B2A5DE94CB71F29F29CD238864FCE90A4E2F41B1A41F096336212,"[{""denom"":""uatom"",""amount"":""5000000""}]",2023-05-02T21:03:53.040404749Z,
cosmoshub-4,cosmos1juz68vx5dlplqmv4kyg6mvncqxm40gama98022,7B0B6A85E8688A7FE47DF566542EFB68B9BD91BEB318179D2F430B37F12F05DF,"[{""denom"":""uatom"",""amount"":""568582""}]",2023-04-13T18:46:41.386211200Z,
cosmoshub-4,cosmos1zz3fgakx8az5rvpkn0elme0eqsdmwzxcmytyta,7C17F0201F627C1CF26721DEECF72CD9B60C444F7E9552B5C670DAE5C7B80EA1,"[{""denom"":""uatom"",""amount"":""3000000""}]",2023-04-14T15:05:51.361487036Z,
cosmoshub-4,cosmos1yrjlqyf9r3kaxd3zea3ma02vk6meqgcjhcj2kt,7C24FEC2828EA423D7274AC42C919807D30B7CC36280FD0BACAE4004D924C3D6,"[{""denom"":""uatom"",""amount"":""780000""}]",2023-04-27T20:27:36.899939455Z,
cosmoshub-4,cosmos1n4sy6w7u3e9k2xs4neywqwm5270sggxavchnzj,7D699D22444B252DFB41F3F95F4DA0D821BED09AE1CA29F0B0EF987396126E9D,"[{""denom"":""uatom"",""amount"":""435000""}]",2023-05-04T11:59:27.776197732Z,
cosmoshub-4,cosmos1gaqgs8d823ls6dqsy9g3am6cvhhr8clhjxls27,7DDABAB3DCCFA2A6C9FB396116B7BCACB9038ECB27819644FB176EB458C80695,"[{""denom"":""uatom"",""amount"":""749884""}]",2023-04-13T03:23:26.175826935Z,
cosmoshub-4,cosmos100ywfax95u9c6mndxzuqkq2fdkv7f6pqntq8qt,7E335E68410105AB18B6AC9F7545BB35C3E8B0921246AB66C28D81904569703E,"[{""denom"":""uatom"",""amount"":""4600000""}]",2023-04-21T00:11:32.344052482Z,
cosmoshub-4,cosmos1utd2genfep9c4c3fg3e4zt6nlrruvwgwcx85w7,7E5049D596F3945CAED6C70051AFF8092A4D03173E6B2E4845E2DC276DC6489C,"[{""denom"":""uatom"",""amount"":""1000000000""}]",2023-04-30T01:41:42.973214169Z,
cosmoshub-4,cosmos12zwsxe28th39tkq9yrlcytqdy6mdrx240v0y0v,7EE2FC8EB102FE9B59B1485302A95FA67B482020A80C26AB1AE03DC622937392,"[{""denom"":""uatom"",""amount"":""2000000""}]",2023-05-01T05:32:40.214890636Z,
cosmoshub-4,cosmos1zkpqql5yt04k6hdyu6ahun09uuqtey8fsy0n9z,7F1461F072FA1AE237F2BD7113D1F77B7BAB1BF5F313B2E97E35EE558A0B8344,"[{""denom"":""uatom"",""amount"":""250000""}]",2023-04-20T13:45:20.099571598Z,
cosmoshub-4,cosmos1yhzvn7jq8j248cx5asnjzxwr79c20fls8qyzl3,813A503D2C2E66408D7E510464AF24562DA3E94B8D5C4BD1BFA95F9F99CAF853,"[{""denom"":""uatom"",""amount"":""300000""}]",2023-04-09T21:26:59.478841305Z,
cosmoshub-4,cosmos164kd2jgy4evt0zrl8z8nd3hspp777v8sppl92s,8185B9115E9C6A88784A6919238F25176385F2053E0453C46D65C1E0B5EB4E25,"[{""denom"":""uatom"",""amount"":""424501""}]",2023-04-24T17:37:15.744302642Z,
cosmoshub-4,cosmos1jjx0ypcv3rkfyrldkg0enzlc049zvr47yypkny,81F08E4392A12599AFCDC2670906C9B5FCF92B4D1204DEDE2A0284958F387F8B,"[{""denom"":""uatom"",""amount"":""10000000""}]",2023-04-20T20:43:48.026414324Z,
cosmoshub-4,cosmos14lrzray0tf5325pp7nwjgeyk5qkrqj9mhucv33,821AC7D84B9BA1CD0ADC99429110DCDC35004FC7E404A439F5B5D275AD034580,"[{""denom"":""uatom"",""amount"":""500000""}]",2023-04-20T20:31:55.102368609Z,
cosmoshub-4,cosmos14j2na5uvf33r9a7nun2zq54636r8e3rktd93yh,82BF27BA116A0F4A1078850725DA357A90003FE27A37AE71FF6C581F83507F67,"[{""denom"":""uatom"",""amount"":""5700000""}]",2023-05-01T08:37:54.534756606Z,
cosmoshub-4,cosmos1ngy08w0k6u02gse54fvqt3mzs8y63hxvsxcnnh,82DEEC8859F916D365A50E762C51AAC2A148759268DC277D902315B38F822E79,"[{""denom"":""uatom"",""amount"":""1024171""}]",2023-04-12T19:58:57.348844099Z,
cosmoshub-4,cosmos13p47hyjckhfxrkn6n324l4wzk3l39p4jea0t4m,843971490EFCF0EF722605FDB84F4488A6A4F089B5257AAF6D91496701131674,"[{""denom"":""uatom"",""amount"":""10000000""}]",2023-04-21T22:32:51.514329810Z,
cosmoshub-4,cosmos1493m62wqanv78w9c3emew84mjg5rawjsdpjqc4,85B8946DFF4295AA0D8EED17C8D22347D4299CF52ED64A85CE2C761D4E52A4D3,"[{""denom"":""uatom"",""amount"":""20000000""}]",2023-04-20T17:08:37.914922024Z,
cosmoshub-4,cosmos1pqaqkr9echxjydytsqc8m0y2tx39cwqppz62mr,863FF845DDBE84C057F042039556C62AD0416FDE5DD13BE13ED21CDB0B2F1938,"[{""denom"":""uatom"",""amount"":""6000000""}]",2023-04-04T16:21:11.810188726Z,
cosmoshub-4,cosmos1nlj2ggcffayevf5jgftn9nvkssxresej8nj5ya,8694A361CB96F807BFED5EEC95C8C8B5DE507C0236FB9E308795710214130ADE,"[{""denom"":""uatom"",""amount"":""5000000000""}]",2023-04-29T04:00:18.560560410Z,
cosmoshub-4,cosmos10tmcmw2ldsy2wjplh93knnjwqrcf52wznq44r7,870FDFAF79058345CF80E295FFC54F5F2802706B9C6188ACAA7066C3914F2071,"[{""denom"":""uatom"",""amount"":""1000000""}]",2023-05-05T09:02:22.967345069Z,
cosmoshub-4,cosmos1du6h94k2j6zsqhrmuzhyxe3sy6lt95j2hga3h5,87217095A549532F0803451F3ED7CCD8364AACCE42F76536F727C6FF173B9F7F,"[{""denom"":""uatom"",""amount"":""3300000""}]",2023-04-13T11:31:34.941891343Z,
cosmoshub-4,cosmos1dalqypymz0c0pmcyrkzcn3s873qhjrzhhgns0m,87765540A490D8DB6AED37C7F5694C5F57A298FB25E21184C900EE7C0008D101,"[{""denom"":""uatom"",""amount"":""100000""}]",2023-04-30T10:07:21.913903441Z,
cosmoshub-4,cosmos156jqyu9asf9l497qa9hjfklazg9svwdjlad0g4,8831C18EC7704BB20399C306E18B4226AA2531AAEB1B5F3490FD50DE1E92902E,"[{""denom"":""uatom"",""amount"":""21000000""}]",2023-04-19T21:50:05.034143483Z,
cosmoshub-4,cosmos1snvzr84cv8esmlwpcfqg26tfxndn3xwdkrhhhr,8831EA29B5AF92FFCD10D5AC2AEA103BCFF136FC71782121989238C14A921758,"[{""denom"":""uatom"",""amount"":""2026341""}]",2023-04-21T19:30:36.065098258Z,
cosmoshub-4,cosmos1xppn98w0gg6wl0q2g2nasmkqlf2elwpkl7fc5y,8A724992B0848B44C4273EF5BC6A8A5984A023AAF8616B3AF71FD4D6DE383453,"[{""denom"":""uatom"",""amount"":""5200000""}]",2023-05-01T09:02:32.506637176Z,
cosmoshub-4,cosmos1gaqgs8d823ls6dqsy9g3am6cvhhr8clhjxls27,8A8F29E55F694BB4C867A9CBB3032EFBF92FBA9206FD2AD12F59A0B18F8F0F32,"[{""denom"":""uatom"",""amount"":""948707""}]",2023-05-04T06:52:45.584548055Z,
cosmoshub-4,cosmos1umpkgecjk2ujvhtv57wdvvhtdjvkc9cw26dr9h,8A99504CCB2D6463139DFAAB0600802551374B7E67B76BABE073DED9442BC3E9,"[{""denom"":""uatom"",""amount"":""1812306""}]",2023-04-19T19:32:39.369916226Z,
cosmoshub-4,cosmos1h22vm6ggnwha77mradt5aagzngq62zsjc6r3e4,8C03BD962D57FFD586F2F8670BC916B220CA3D87481700403932E8EC4D837B25,"[{""denom"":""uatom"",""amount"":""400000""}]",2023-04-30T10:17:49.470743616Z,
cosmoshub-4,cosmos1cxful6l52eh0aknkufwtwmre7c4lvhv3fygn64,8CF87B6433D359F134FA29334F929F47A8F53266E31616A7C7C833F835D3F637,"[{""denom"":""uatom"",""amount"":""2000000""}]",2023-04-05T04:23:19.110762132Z,
cosmoshub-4,cosmos13lmh7zyl4rtvvxyx9tszwfv4efsmfz7at3ezgq,8D712344BDE2AFCFD88EDB617C7D01CD8F7A84D4B289EA12F683B17648A9251A,"[{""denom"":""uatom"",""amount"":""2000000""}]",2023-04-15T16:40:27.987063715Z,
cosmoshub-4,cosmos1adqeglychswah04f8w3jfnurjkdt9f8heuqm4v,8E4E50A4AC9FCB93993F495715EFBBEC50D261537FC0A86884C553BF5CBF2F5D,"[{""denom"":""uatom"",""amount"":""10000000""}]",2023-04-28T12:49:18.767253468Z,
cosmoshub-4,cosmos1z83d5zdh6jx6ks5cw6qygpwg32gf0fpjypzzd8,8EB7EA235406A512F12C8D6F5B82C83E57B1ACF3C2473C147DCEC7C208BA0790,"[{""denom"":""uatom"",""amount"":""300000""}]",2023-05-03T06:00:11.041167184Z,
cosmoshub-4,cosmos1z3z365lydry32xghj9m8gt62mvddl55g5ad5h2,8FD9BE299D51D7AFBC78B415BE5FC5FDEDD7B92B90EBAFC3F2AFDDCB38DFBD7E,"[{""denom"":""uatom"",""amount"":""1998000""}]",2023-05-01T20:55:57.958881291Z,
cosmoshub-4,cosmos1crm76rqw2q0jp8jmpadeu2v7q2v406el76vnza,8FE33774D0DD9204CAE7BFC2613A82ED90BFBC302932A0A6815033199BBDC985,"[{""denom"":""uatom"",""amount"":""1000000""}]",2023-04-29T02:24:23.385148979Z,
cosmoshub-4,cosmos1du6h94k2j6zsqhrmuzhyxe3sy6lt95j2hga3h5,9087B53EC83B5F5BBD7BF6B2F76FAA60AE81A9F55185A7B696BE69F53051CA64,"[{""denom"":""uatom"",""amount"":""2900000""}]",2023-04-07T08:23:19.594950234Z,
cosmoshub-4,cosmos1tmvxp4pw3krw5ucx6fp9f2pfplwlvrn4z339rh,90B8301992725E88625069D37D79F4D8FA391711450062C17A7B933B2E2E0BEE,"[{""denom"":""uatom"",""amount"":""1000000""}]",2023-04-22T17:41:51.185669749Z,
cosmoshub-4,cosmos1xqk7zrzpldylr6qnmrd2vkujfc0ucsgrmfjv2p,91150A144A4E6384FEA050EDFBDE18ED5F9622A50521E025591E3C0CD005FCC9,"[{""denom"":""uatom"",""amount"":""1500000""}]",2023-04-05T13:51:56.951503034Z,
cosmoshub-4,cosmos1k6sl6aa6rglluv24580khgusrqp6cs4mdzns0f,9115AF10E5FA916C6CC3ADA75970475F2AC20CFC0FDF848333F46F19EAEFCD67,"[{""denom"":""uatom"",""amount"":""500000""}]",2023-04-25T00:22:27.574982758Z,
cosmoshub-4,cosmos1xa925aq3vkmn5p6hmc0cppvgpzc4zeumy73rzn,912ABE8E94D04D78F1C0F562EF82DB8451F9DAF0B528A11E4EA7A01EDBC3E76F,"[{""denom"":""uatom"",""amount"":""20000000""}]",2023-04-29T22:10:06.551919243Z,
cosmoshub-4,cosmos1jjx0ypcv3rkfyrldkg0enzlc049zvr47yypkny,91B28C2A6F2849145F5A292B82E06C94C07BBD0CAA73E7AE04F5D851C0D68CF2,"[{""denom"":""uatom"",""amount"":""2000000""}]",2023-04-15T20:36:48.464496120Z,
cosmoshub-4,cosmos1egpedcv9tpu93pgx29x4n8u9a3epz7zqp9xc4c,91D09EA426B1462C660971D9C89BE26F37B15EA806369BE640C1E4BB23255476,"[{""denom"":""uatom"",""amount"":""310000""}]",2023-04-30T03:34:32.961293735Z,
cosmoshub-4,cosmos1plr4t0lsrpuyysu7fnk3uztk3pj8kpu2lrrlnt,91D9A76A8DDDD8B225DF6CA76F0051F7C4CE7D65B90B3648020A6C531F4066F4,"[{""denom"":""uatom"",""amount"":""797482""}]",2023-04-05T14:02:01.344517460Z,
cosmoshub-4,cosmos1954q9apawr6kg8ez4ukx8jyuaxakz7ye7kuk08,91DD4C7E7CAE7A0EA8E350D92B97BF1BF98FEC61E5D30A3419B89AE256E27093,"[{""denom"":""uatom"",""amount"":""10000""}]",2023-04-20T06:32:20.334721810Z,
cosmoshub-4,cosmos17xr6jzesfa9qk6x59k8cy6cgpwmxquwv4qgp73,9221654DD619F09B2DEA56E8ED11C376DDAB234AEA4E258DEA5DB61DD6281611,"[{""denom"":""uatom"",""amount"":""4786614""}]",2023-04-19T08:50:50.223121406Z,
cosmoshub-4,cosmos104tx64evn5j38qzjesn46834fe7gdp6jecqcsm,9234F9EB2F96E65526CF7D9290758EAAB249E59CE49F0AD5B7A8BF40492BA9C6,"[{""denom"":""uatom"",""amount"":""2048400""}]",2023-04-09T19:46:00.089985152Z,
cosmoshub-4,cosmos1074qhzmhta4d6k9a2v804zt3yq536vtj3t7758,923B656FA3391A8BF19BAF22FF81D6C4658E2F8922CCBEAF949ECDAEEC258A8E,"[{""denom"":""uatom"",""amount"":""3000000""}]",2023-04-24T17:37:15.744302642Z,
cosmoshub-4,cosmos190gmpd9vluddaheygwmsv72m8z7p624wl6mps4,92C58653DA9F01E0BA57BF9F5EEC1F3C08CC0E0A526580CF62248DFE42BCC24F,"[{""denom"":""uatom"",""amount"":""145387""}]",2023-04-19T20:14:19.418336439Z,
cosmoshub-4,cosmos15y2jy3uatqlavdmjkfr779dydgjqk43a94pwxl,92FFB5EC88F07D8AB15D9A191F1BDDC1294F52975332120EFE2F4E6F06B737EE,"[{""denom"":""uatom"",""amount"":""11000000""}]",2023-05-09T10:45:55.547143543Z,
cosmoshub-4,cosmos1ps5ycxnv5kyaud3f0c83fhzenws7mgzk9vktpr,937FA40648C8F849B610C07E03B34EE692BDBF0B4AABB703C11CC09354743EC4,"[{""denom"":""uatom"",""amount"":""1000000""}]",2023-04-22T03:36:27.778204398Z,
cosmoshub-4,cosmos1umpkgecjk2ujvhtv57wdvvhtdjvkc9cw26dr9h,93E47DEB00F34666CFC7FE08C81E0602BC04967D2777F7EC0B72E2CD6C0FBAEC,"[{""denom"":""uatom"",""amount"":""5454989""}]",2023-04-13T21:00:39.638399512Z,
cosmoshub-4,cosmos1ammrmh8s8gqsqhf6fc8mp22vz69cz9f2xy8z2g,94321EE4B8F7F236C83AA2AC343AFC53F1AB84774353F4C080F262E52C0F54B6,"[{""denom"":""uatom"",""amount"":""10000""}]",2023-04-18T21:40:04.420112583Z,
cosmoshub-4,cosmos1356pk4gtw8gexhehfpcl37smdq0epmzku2cctq,945E6B9FE80EAA94D91D04DC271950A72A66F157C10AC4F89F0AF5278FB897A4,"[{""denom"":""uatom"",""amount"":""1983333""}]",2023-04-19T21:13:36.060908129Z,
cosmoshub-4,cosmos1va2dv56w6x6t3qhxf9ctrhs3gz2cjcwmvmyycw,950F4C41536F147CC3CAD8BF273BE1270A9DA860E694A1580D0EFF801D988FC1,"[{""denom"":""uatom"",""amount"":""100000""}]",2023-04-05T09:38:57.147350338Z,
cosmoshub-4,cosmos1tgrxnrpem5r4wj872pxmep644f6jlugyg5t2zd,95C9560DB25FCA6D1F9824F9AA1C92C558F19F2B0F280CA89E3CA2B5F0316D8D,"[{""denom"":""uatom"",""amount"":""900000""}]",2023-04-05T19:37:57.810096824Z,
cosmoshub-4,cosmos1s8zk0vfjugymczm7tcyxsmd6j2kzpflvefmpef,967CA7038FBF7DAACB03731E5B3EAE455F24DAB09683468F51740CD929BEEA45,"[{""denom"":""uatom"",""amount"":""3600000""}]",2023-04-30T16:14:16.764574065Z,
cosmoshub-4,cosmos17x87z2c8pnwqc54g2cwf2796p8920r6l896hve,96E560D56AB1BC94586B84EBEA08ACEE06AFBF2BBE4CC94F26D97E9580C93D12,"[{""denom"":""uatom"",""amount"":""192423""}]",2023-04-14T21:27:12.598765427Z,
cosmoshub-4,cosmos1lr0uq54p57lxpxmqmej0sljwy92ngwy0ystdud,979722D9543995755F0F49F939F8397AC948A5C4314423374825317F20B34FE1,"[{""denom"":""uatom"",""amount"":""1300000""}]",2023-04-12T19:19:20.602670727Z,
cosmoshub-4,cosmos19nfe2l95pnmre8snp3eddvzun29s5rtj3aclmc,97A9460375E69526113CFFE2B2EA26C798DEBB39AC6DEC00E213F37C99A71244,"[{""denom"":""uatom"",""amount"":""1000000""}]",2023-04-13T06:48:03.752851792Z,
cosmoshub-4,cosmos18rkgyuyndswqq5ratusymmnpwa00gpumpnyaue,97C448C72E12ADAD32AA4AEC618E92904B0A8CBBEE88727898D2304D37928F2E,"[{""denom"":""uatom"",""amount"":""4000000""}]",2023-04-13T21:47:45.926576646Z,
cosmoshub-4,cosmos1du6h94k2j6zsqhrmuzhyxe3sy6lt95j2hga3h5,996EBB3CD88E43634BED56501225CD5A30091162BD460EBBC158ECD8A5C10384,"[{""denom"":""uatom"",""amount"":""2900000""}]",2023-04-29T06:47:41.069095844Z,
cosmoshub-4,cosmos14wc97l8zn5mkl825pgshqcy8749qaetdmp0vtq,99DEABAA0F15BDDA6105F85D44E184685D994D0AA795982B0BB8A4EDB167AC69,"[{""denom"":""uatom"",""amount"":""5400000""}]",2023-04-27T20:02:17.790398760Z,
cosmoshub-4,cosmos17xr6jzesfa9qk6x59k8cy6cgpwmxquwv4qgp73,9A2C4B4FD2B395C0B81C608665E944B83F8F8C3CEF40386A3D26B67B09230F1C,"[{""denom"":""uatom"",""amount"":""5000000""}]",2023-04-30T12:39:05.254445512Z,
cosmoshub-4,cosmos1kp22rcpkavm47tt7xahnjjxf4tjdlrf0z2zgst,9A4E3215EDD58FDE433019588C24F85E1D77DE551ADC7D82789143D57C27F45D,"[{""denom"":""uatom"",""amount"":""70000000""}]",2023-04-27T19:55:03.186763753Z,
cosmoshub-4,cosmos1du6h94k2j6zsqhrmuzhyxe3sy6lt95j2hga3h5,9B46B02EA28821BDC6319A96BAAD1A739956065F6CE6ACB71AD8776B7778A597,"[{""denom"":""uatom"",""amount"":""6200000""}]",2023-05-09T08:02:12.870742295Z,
cosmoshub-4,cosmos1znr5n3tedvgt94juaylejk76apexmdjn3xa34s,9B49AD07B17358A5000BCC99777BB7357863A6629094773592774FD61B56906E,"[{""denom"":""uatom"",""amount"":""300000000""}]",2023-05-01T15:48:41.430688974Z,
cosmoshub-4,cosmos1ljd6d8quzfn4zev99unxnz5x89frev3vl5nfwf,9B611D23B648789C2B2A7A1C6DB335DB13322688FCE82D85E771B714C78E3DA1,"[{""denom"":""uatom"",""amount"":""6000000""}]",2023-04-29T19:02:08.372175492Z,
cosmoshub-4,cosmos1ye0kh9z36dn0esfps070h6acg8s27kmqshd8um,9BD55316D3B5D96961ECFF1B71811EF3EFBE607FC5BFB81DB3051972079A08E1,"[{""denom"":""uatom"",""amount"":""400000""}]",2023-05-04T12:21:55.110290248Z,
cosmoshub-4,cosmos18s9d2gdjxpmr47e4tghqf3mpqv220udcrd6g6d,9C6C660B922571D89602FC37F6A62B0265CF290CB0601A36B7252307FC155488,"[{""denom"":""uatom"",""amount"":""15000000""}]",2023-04-04T00:44:56.001257039Z,
cosmoshub-4,cosmos1xkxntulzvzaus2nfgm5vu3rguljspj3s3042vy,9C6D07E5D08AE1C63020C64F0BDA5FE0BA00C98F2EC99B51BDFE85C30C8F3659,"[{""denom"":""uatom"",""amount"":""2100000""}]",2023-04-04T13:28:52.771652827Z,
cosmoshub-4,cosmos1ptpqwm4erszftfgqcjdz5m4v7k3lq53g7a0pww,9DDE460A6F96DD68F6DCE841EA882632EC3C6BE768A998C9B873F59550ECE979,"[{""denom"":""uatom"",""amount"":""14000000""}]",2023-04-20T09:25:11.035562108Z,
cosmoshub-4,cosmos1ws94r29rqx9ut2gatm934ysyrfyjd0guse3t4g,9E6696392FA103F4D4852FE499C4D0AA071AF2AEDBE3490509C320FACB5DF925,"[{""denom"":""uatom"",""amount"":""1695455""}]",2023-04-06T17:08:49.401657022Z,
cosmoshub-4,cosmos1xppn98w0gg6wl0q2g2nasmkqlf2elwpkl7fc5y,9EAE3AF90E8014D3FB3FD7AC192F07C25F02F730AC0866591B0003356C5000B8,"[{""denom"":""uatom"",""amount"":""4450000""}]",2023-04-25T02:17:40.820638913Z,
cosmoshub-4,cosmos1a33utnq4435anmxfhdqe5dye4e3adzs3w0f38x,9F1AC0EE76E40749EE590FE4E60CC92517A0EBAF26F3C83B479CB8E00B00901B,"[{""denom"":""uatom"",""amount"":""1000000""}]",2023-04-07T09:02:57.950691944Z,
cosmoshub-4,cosmos1u8wj9ktleeueqx6wnuwjllu6dthjhrpvph86qc,9F7BA157A4439BE4DF4B2122E4137ADB382370B09FB7B579EFE4848A7FC929BF,"[{""denom"":""uatom"",""amount"":""1000000""}]",2023-04-24T18:45:29.396178187Z,
cosmoshub-4,cosmos14ayev8lq0r9ngmmcrky4sh9f9xl4qeg6axkhrx,9FB4A1A42C6478B132D0880024FD85D7C21A34B0A74736D3DB99E91A5E7EB516,"[{""denom"":""uatom"",""amount"":""129185""}]",2023-05-04T14:56:07.702003751Z,
cosmoshub-4,cosmos1hhkrs7t4xcmu58gvmuyf8gw7ufggx7shy87cq2,A013921E02B1A36D4B33CEF4B0E19CFF8AAAD1A5C08077C16D61DF48B016487B,"[{""denom"":""uatom"",""amount"":""1886088""}]",2023-04-05T10:40:12.277172111Z,
cosmoshub-4,cosmos15dkpnznjnpvudxe4qlqzzeaxhvv9d5xn89nxl7,A02759F634F6624306FF66D27BD1318C14593C2A60E333EE1877DFAFE25487A8,"[{""denom"":""uatom"",""amount"":""93000000""}]",2023-04-14T10:34:19.427015911Z,
cosmoshub-4,cosmos10jsw8uvkajrd299k5k3y9s3kxlfsj0skraq686,A04D03EB548D285A48515C8AC1C8B83CCC4BF75C0CA41F27C46A65FB45BF01CD,"[{""denom"":""uatom"",""amount"":""340000000""}]",2023-04-30T14:56:52.133216883Z,
cosmoshub-4,cosmos1sqauqapy30ldj342lwk2mce4du3ccth0g9w923,A0ECF9430BC382A2AE00F18B6FA7259A4469F0156DB44DC63C4CED3E808EBE35,"[{""denom"":""uatom"",""amount"":""187000000""}]",2023-04-20T17:08:37.914922024Z,
cosmoshub-4,cosmos1a8cjwaahp5hzhr7mtj0ghusjstdnga5hajuhj8,A16A15A73ED8EC9DA5E1247C406541EE6015E4543895E64DD071B07335FBA648,"[{""denom"":""uatom"",""amount"":""1500000""}]",2023-05-03T22:56:43.733732208Z,
cosmoshub-4,cosmos1d8xtuav36xg7hp6lv6u69gexpd8sunaektzegm,A20F21B5097E4536E818167EAEBC20B93C481A98E40F62CD11DEA2B5A5727CCC,"[{""denom"":""uatom"",""amount"":""1500000""}]",2023-04-14T01:49:02.042133417Z,
cosmoshub-4,cosmos1z7fprv7u3anrvf95n546ljfddkpzyp45lp4u5n,A28394542DB1A6583CA9E67B01C90361C382836272583A1CB5689A77681869D5,"[{""denom"":""uatom"",""amount"":""800000""}]",2023-04-14T14:20:42.534987578Z,
cosmoshub-4,cosmos1l0mvuhkg8jjswkgqprqpem5upwungysrnkle2p,A3155EB95130D66864E4A152EC2FA18C16394D0BE3222237B2B719E473B276CF,"[{""denom"":""uatom"",""amount"":""300000""}]",2023-05-03T06:04:25.169035559Z,
cosmoshub-4,cosmos1p45jy6rvs7m9ju9wvzdv4pauhg49wpjh28q9vs,A3EE1D691F7B27E6FE1869FBCD343D97CD1C6E3DEA134E6F5376FE55D1F295A3,"[{""denom"":""uatom"",""amount"":""500000""}]",2023-04-19T11:26:54.838493841Z,
cosmoshub-4,cosmos1c3ewsn3z27h68hraqfwsjc9t3zwlt7fadz3pnq,A475FB9C88374F16F578C27E17A90E3C77B8769F1F060051E3551C54D1EDB556,"[{""denom"":""uatom"",""amount"":""1330000""}]",2023-04-14T21:24:09.067321122Z,
cosmoshub-4,cosmos1xppn98w0gg6wl0q2g2nasmkqlf2elwpkl7fc5y,A5D86559CA29532FFD8F90DCEAAF7DD9A763E4BABC006AE08A4614330C4C9633,"[{""denom"":""uatom"",""amount"":""3100000""}]",2023-05-05T09:04:50.744658524Z,
cosmoshub-4,cosmos1du6h94k2j6zsqhrmuzhyxe3sy6lt95j2hga3h5,A7B7D2DFD21762E47B3285F94661C5B4C5D7791B711C62F6F5F726D45F53C9F9,"[{""denom"":""uatom"",""amount"":""1500000""}]",2023-04-05T08:05:48.852464590Z,
cosmoshub-4,cosmos1xppn98w0gg6wl0q2g2nasmkqlf2elwpkl7fc5y,A8BBEACD7BDE4EFB278B47EFBD0A5E1A16FC35BBDDC36FBBBF6F9D321024580C,"[{""denom"":""uatom"",""amount"":""6700000""}]",2023-04-29T09:11:59.488964335Z,
cosmoshub-4,cosmos1mmh0wqwq9wluc6zle5evtu5nv84y5wc5fpanrx,A8C41B9AA3ECF7149513F5F36ECBE1F70E547167E6A4B6BCB02A25FCA85DEAF1,"[{""denom"":""uatom"",""amount"":""2330000""}]",2023-04-28T19:15:47.215649451Z,
cosmoshub-4,cosmos1jvm8gy4lgzcrsagxpyhvvxymz982y3j5n6l8mj,A8E79A7DD361AAAF2BD082923B548723094BAD1B7B5ED03715EA232B2E32EC90,"[{""denom"":""uatom"",""amount"":""1000000""}]",2023-05-03T18:14:20.073238879Z,
cosmoshub-4,cosmos14ux7ufwa7hjxl30sd7wfv7ka80nx3c7xtr0ajx,A9598769E8D3426FE867E79D4B9A8CD39B5DCDC64166C04C70A2B108811EF5A8,"[{""denom"":""uatom"",""amount"":""31000""}]",2023-04-28T18:55:26.426882982Z,
cosmoshub-4,cosmos1xppn98w0gg6wl0q2g2nasmkqlf2elwpkl7fc5y,A9A2DE68C3CA69E27317F86C31DE5A39C7C1ECB549B41D7B0A968ADC840C9C07,"[{""denom"":""uatom"",""amount"":""8000000""}]",2023-04-19T01:17:27.136122250Z,
cosmoshub-4,cosmos15wnjx4z4knp0h9cfru3cp0txpy5n9g5p67c0le,A9C326F1773900076F22ECF3571B05F4602337FB13225322F1C31C47D0958D0C,"[{""denom"":""uatom"",""amount"":""23000000""}]",2023-04-15T03:40:05.805100265Z,
cosmoshub-4,cosmos1dzkzlff6u5rqx82hexpywt32he6uxrla4wdjn5,A9D334208A4DDCF75FDD0B22398A83B86FBD4FBA4DA84B0A4BFF445CF8A609D2,"[{""denom"":""uatom"",""amount"":""380000""}]",2023-05-02T12:15:01.805956421Z,
cosmoshub-4,cosmos1e5fgjtmw98rshkc733tmfdpjus2dt0vssfzdnj,AA2E7A477D59AE30B095BCCD58EA68FCDA7C6A12A222E118CC4D9D72F55A6465,"[{""denom"":""uatom"",""amount"":""3000000""}]",2023-04-28T16:01:29.174453338Z,
cosmoshub-4,cosmos1ka8sqfyewwvdlycgl466rd8x7tytpp766afujc,AABDC9381A32AF101B81F65103F51566B8A809B73A7AC563F483BC40128E5FA2,"[{""denom"":""uatom"",""amount"":""2512671""}]",2023-04-30T21:12:07.119572981Z,
cosmoshub-4,cosmos10uh3xm2dv0wzjqas3rqyyzzhgfm8lc9u5mk2az,AB2A2CBA8DE0E1F7A9599C7E6A3C1896D9D5454A90F0C37CB0FA6F829402BC7E,"[{""denom"":""uatom"",""amount"":""32804200""}]",2023-04-22T16:06:01.636695660Z,
cosmoshub-4,cosmos13f2qg98paljs6fn7tjlg3cnwda0lv3j4stu2ay,ABB40C44EF3E399FBBC755A81924F9642751A22AD50C6BB6576B96810BBADA04,"[{""denom"":""uatom"",""amount"":""2000000""}]",2023-04-09T21:10:26.071303856Z,
cosmoshub-4,cosmos1g87sgs58mlezsk2ug55nyc0y5wsrusgvt7ndsd,ABC5B420B911747658195B0474504EF5F87C49F802131AA100C7BEC447DA5A86,"[{""denom"":""uatom"",""amount"":""2200000""}]",2023-05-04T10:58:11.232207680Z,
cosmoshub-4,cosmos1mjgs8u6r2pxuz2f3v09rs5fdf6t6nt8hh86a2c,AC4ADAAA5D3212B6E9AD7FFCE0DFCFD8E19950F58005CBF029B33802A5C47B89,"[{""denom"":""uatom"",""amount"":""14700000""}]",2023-04-30T00:30:24.226255931Z,
cosmoshub-4,cosmos1kelcnwtmhccwenjhp63lr3kqfysdkd4ytk6fyv,AE78CFBE8EDC527C828398F2C9D6B29E4C51F788CEA07C7F33BC75AD8EB2DF19,"[{""denom"":""uatom"",""amount"":""300000""}]",2023-05-03T06:08:37.442641948Z,
cosmoshub-4,cosmos147nu8n84xs98r42tka28cx0lp588zy4vk5rhkx,AF51F4CF4AE58BF1721BAE0DCE81954A80D450622FF366782A55FC44C3466273,"[{""denom"":""uatom"",""amount"":""500000""}]",2023-04-06T20:58:15.660561338Z,
cosmoshub-4,cosmos14e04xex0yg635r46u36l2l320t980xdhn55wsf,AF967E96FC94A672E12E92054AC5CDFF99F55673D9F026941C2AD5D81064147C,"[{""denom"":""uatom"",""amount"":""200000""}]",2023-05-02T15:12:00.987576830Z,
cosmoshub-4,cosmos1auczavgptqrs8dfnaqvtgfsmyktyve3kjk42yd,AFD2EAA1953E9AAF58D7FD894B01E9414BFD380A184BC619D22E366BD4576EE9,"[{""denom"":""uatom"",""amount"":""27150000""}]",2023-04-06T17:19:43.182217973Z,
cosmoshub-4,cosmos1lnqm3hylmjdu4h0at3ng0wfr4qf4su7drlzy50,B03D0AC26F779551B30574407C42A2723D13F251920F8C3A7EC0D0B7842BDE55,"[{""denom"":""uatom"",""amount"":""900000""}]",2023-05-05T15:12:49.835418154Z,
cosmoshub-4,cosmos1snvzr84cv8esmlwpcfqg26tfxndn3xwdkrhhhr,B08AC33B47E423442DDDC6C63AF07C2A83B400D526A7334B972CDE123F3C06E7,"[{""denom"":""uatom"",""amount"":""747009""}]",2023-04-28T20:13:09.814480491Z,
cosmoshub-4,cosmos17w5yftqfrsk004mpa5js620vycm5tta3m37m0t,B0CE213FA14E48D6768100171B8D61B369A97C12C10FE99F053A0448450062D0,"[{""denom"":""uatom"",""amount"":""1500000""}]",2023-05-03T10:13:19.947547082Z,
cosmoshub-4,cosmos19c6hj895rp99ahmpj44k6fygruar7f2t7pr23p,B3323A9593F5292B52A66E8B42392E9E3E297556368AD10FD533F067697C8216,"[{""denom"":""uatom"",""amount"":""1000000""}]",2023-04-29T16:04:18.386803522Z,
cosmoshub-4,cosmos1tmxpvmqcdv3rwnfurq922xlq873yeteup0k5ut,B363B0322C76C745C6E49BFDAB968FFAD3E8A0534EB5EDE32A70AB5C9735D652,"[{""denom"":""uatom"",""amount"":""1000000""}]",2023-04-15T14:50:08.929289325Z,
cosmoshub-4,cosmos1lxknv9wrqytyk9dnpt3uluxx2u8vajkfp7drk0,B39C6BDDE2BBE337E44761BD5E07D127105256B0820E5E050C0A9DAD1FEBAA3F,"[{""denom"":""uatom"",""amount"":""451105""}]",2023-04-22T23:16:36.421308589Z,
cosmoshub-4,cosmos1kcq2ugceaq8zzmuna8utqlrx4nv32xlu8txvs8,B3A1F7E1F91E52C9F574F6EAF63787762353EDF70CC2FC3AF058AC4546632E2B,"[{""denom"":""uatom"",""amount"":""10000000""}]",2023-05-05T12:06:44.164542353Z,
cosmoshub-4,cosmos1n7sp2mzqzhf40qq5xpk9vzhtmf3hm4la4y9wg8,B405B7A423ED841619C7C8FDC72E18D5270C64AC2E3D3EE16F66F73A86055002,"[{""denom"":""uatom"",""amount"":""1000000""}]",2023-05-01T23:13:47.393808350Z,
cosmoshub-4,cosmos17fzur0ufpuvyta7xvvd7zl6z3wmxjnnv86rmr9,B45E4CCDF4E958A43024D7C3FC1F042923F7B32A1BF3757FA68860A8463223B3,"[{""denom"":""uatom"",""amount"":""5778782""}]",2023-04-20T18:45:59.991109855Z,
cosmoshub-4,cosmos1ahwtnpddh4whyqypf43crw3rrdp60rdsq488yz,B45F5EBA39CBE55FEE451932CA4F0727C58260BFC10E9FCE7B319752E683051C,"[{""denom"":""uatom"",""amount"":""10000000""}]",2023-04-28T11:39:33.736316076Z,
cosmoshub-4,cosmos19c6hj895rp99ahmpj44k6fygruar7f2t7pr23p,B4DAFED2A85CC744D937F34A7BDDA2E909C52ED1CDB38A648120FB59B4C7B1E7,"[{""denom"":""uatom"",""amount"":""94000000""}]",2023-04-29T16:10:48.919210400Z,
cosmoshub-4,cosmos10tmcmw2ldsy2wjplh93knnjwqrcf52wznq44r7,B530333305D295BFEA151183447A96319560F4D1974CC9E05A2561734F49E50E,"[{""denom"":""uatom"",""amount"":""483334""}]",2023-05-03T14:12:30.980691509Z,
cosmoshub-4,cosmos19ae29a5na28cyee2548cawx2u2vqe04e6aeskr,B538A3F3DC9F718B13B560F9DC1BA6007D5ACC7B5A8D3717965C742F19815E81,"[{""denom"":""uatom"",""amount"":""9900000""}]",2023-04-14T09:35:16.538449305Z,
cosmoshub-4,cosmos1du6h94k2j6zsqhrmuzhyxe3sy6lt95j2hga3h5,B5F6CB20042BC5F1FE1390D6E1E2F62D28F16409ADCF9F91E187D0F0017656E4,"[{""denom"":""uatom"",""amount"":""600000""}]",2023-04-04T08:35:32.162728278Z,
cosmoshub-4,cosmos1xd36yjzrfe4las4wmkkzcl9nms5rzdf9nqx62g,B624573F134D39A8832E76A4B989284A00E6F84FCDF2118C304061D8E2C267DD,"[{""denom"":""uatom"",""amount"":""300000""}]",2023-05-03T06:08:13.539757034Z,
cosmoshub-4,cosmos1ex7nd785vcg3nspssrpvkqfww4yht4q9ulpc6v,B6A63D92834BD2206512D94F9BD1140E3733A678C953BB9CF7CA6870D7C315E5,"[{""denom"":""uatom"",""amount"":""57553""}]",2023-04-29T13:53:20.410142860Z,
cosmoshub-4,cosmos1v8che2j6uqwszhc2n9g4pzlnqytrhntqs2nkyd,B6DF45BEBDCAD0856939CF0E1710F55497BD567182CC61C1934658CC9926E777,"[{""denom"":""uatom"",""amount"":""389750""}]",2023-04-19T20:04:32.635344538Z,
cosmoshub-4,cosmos1uxpfv475505ylmwhxt8qmz6ewpur5hzhqj80jg,B713DC4C52ED4805DF36D67B499B1AC6A2EAE26F9E7C34B5FB06C431B3E102C3,"[{""denom"":""uatom"",""amount"":""432632""}]",2023-04-06T21:18:07.275218305Z,
cosmoshub-4,cosmos184flzy33mgp8e5yqmu7r4rlu0eddsl2swlva9f,B974B0E38E4634C0279D705930751613B9414EDCC6111B9043262D2841BE65B6,"[{""denom"":""uatom"",""amount"":""25000000""}]",2023-04-04T08:11:13.121323750Z,
cosmoshub-4,cosmos1pwylzgdx4zpwksdl6jwws74se8ef5kj7pudz7c,B98745AAF16280E6E1AE3B386AAAE5A4680C85BC3317D35B96E14DDDCBA0721F,"[{""denom"":""uatom"",""amount"":""300000""}]",2023-05-03T06:08:07.695171826Z,
cosmoshub-4,cosmos1dccql5c8jc5c0fwcd9fr2cpchecj8ayjhsrrce,B9CCD290038C885A1D376DE33BDB4F68D623AF5652BC59CC6A7D2192F8E41A0E,"[{""denom"":""uatom"",""amount"":""1000000""}]",2023-05-03T20:14:52.443888747Z,
cosmoshub-4,cosmos1m8du4mehzfl0y8ps72a6fzazjgg70af0l3uwc9,B9DC9ADAC10E4AB6CBFA47DA14207099986B6F05582FC111781F93B51860D919,"[{""denom"":""uatom"",""amount"":""262747""}]",2023-05-05T06:36:08.077424036Z,
cosmoshub-4,cosmos17x87z2c8pnwqc54g2cwf2796p8920r6l896hve,BAB4F0B25DC8C7D8D01B3E54ADC29F61D07B59D919A700EF906DD27214075886,"[{""denom"":""uatom"",""amount"":""7500000""}]",2023-05-04T17:08:57.144357097Z,
cosmoshub-4,cosmos17yw34qwu56zg4ghvusay2t960lv9wrrzgzlvur,BB07347CFFA97F89873B30617F979EC033B1E3E0A29142717F2861B6DE82C8A8,"[{""denom"":""uatom"",""amount"":""2700946""}]",2023-05-01T21:55:05.633491650Z,
cosmoshub-4,cosmos1hn76gehzpfzprzwdjgx99dr8hj769az4hpac3r,BB432683EE30C5E6287E2226609291796684CA5C1D6DC8A433EFBDBBF008B9DB,"[{""denom"":""uatom"",""amount"":""560076""}]",2023-04-04T00:15:17.047075039Z,
cosmoshub-4,cosmos144t874ylvqte30h4fx7nj7hu2cg9x9yrtg83hr,BB9A344E61E009B54E86EB1A925208894051AC4CAA6B7D95696E207E45E4373E,"[{""denom"":""uatom"",""amount"":""277675""}]",2023-05-02T20:00:04.516501311Z,
cosmoshub-4,cosmos1auczavgptqrs8dfnaqvtgfsmyktyve3kjk42yd,BBBE669A6B81CD6A2094FA5D23239DBC9685CA4E9453F295A4F470C00DE01A27,"[{""denom"":""uatom"",""amount"":""102500000""}]",2023-04-06T17:31:57.698736997Z,
cosmoshub-4,cosmos19jy9dksxendsgd47728tzpmpu9rarslpm95may,BBF61A7BB918ED57F8D6F2E57A1029C4B563631CBD85CB187C2F4678F57A2B7F,"[{""denom"":""uatom"",""amount"":""1000000""}]",2023-04-14T02:55:10.855438053Z,
cosmoshub-4,cosmos1utd2genfep9c4c3fg3e4zt6nlrruvwgwcx85w7,BC18C1726735F7B084339BC71AC186F6141C32C2AB3F23CEAB6CBF9F2968A85F,"[{""denom"":""uatom"",""amount"":""1200000000""}]",2023-04-28T15:54:28.409434734Z,
cosmoshub-4,cosmos1tmxpvmqcdv3rwnfurq922xlq873yeteup0k5ut,BD6B97720CEF967228043F20B122D57E79A4997D9DE0EACEF2113A3CDE0EA697,"[{""denom"":""uatom"",""amount"":""1000000""}]",2023-04-15T14:45:51.658641333Z,
cosmoshub-4,cosmos1k8zklwyxdq50aakvs2k0evavju3qflcaazaj6r,BDB989C2CD7DABC05E82252CF48AEB6F765600910895C0D62D6123BA3EB53826,"[{""denom"":""uatom"",""amount"":""1201570""}]",2023-05-01T22:39:08.139345123Z,
cosmoshub-4,cosmos1n80uafaqnqnju4j3la4vmdq5dy4fw9nymzt8v5,BE3CF13976F7B669BB9123871926E42CAD36FDFA0B9F3AC8BA13104EC96CA5CE,"[{""denom"":""uatom"",""amount"":""1388906""}]",2023-05-01T20:50:33.673472024Z,
cosmoshub-4,cosmos1kpdr7yymsgzvdxmpcuvm6rykf24xd6ezsue4gm,BE834B7F1832C06B0E3D8038AC9C511FAD6A39F790DEA4C286DD005C1C82F968,"[{""denom"":""uatom"",""amount"":""1600000""}]",2023-04-22T07:38:42.128912753Z,
cosmoshub-4,cosmos1f05f676hzfx826u6rh0el8ez84ql0lc64rm9zz,BF107CCFC54F69A17C42A690D8C8C6F2F61EB4887093965CE3DF236BDD9E4267,"[{""denom"":""uatom"",""amount"":""2834777""}]",2023-04-05T11:05:10.489418572Z,
cosmoshub-4,cosmos1dgwk4vmfser59247djdtffly90dm5ym559sdnr,BFCA94F4D8AC99C84DB44334B3AE411CA0060A392628004FB40A4DA8A01A5D0A,"[{""denom"":""uatom"",""amount"":""1500000""}]",2023-05-04T23:17:26.936312958Z,
cosmoshub-4,cosmos1fawzpuwg2sp5mgs0juulyrc4g4zjqpdkxdrwvz,C0466672733D4786FAA93E9592D8B2B98CBDA3D37D0A837D9CDE61AD5357A9CA,"[{""denom"":""uatom"",""amount"":""757380""}]",2023-04-30T00:07:54.989119060Z,
cosmoshub-4,cosmos1sz8l7298c6ysedxp3yj3qnhl6t06hcqgnmh8kd,C11352A8DD03640CC2BDF366C731753CE2BED9699932FF68FD0AF8FA37BABC98,"[{""denom"":""uatom"",""amount"":""15000000""}]",2023-04-06T20:04:25.730785038Z,
cosmoshub-4,cosmos1gpwwzglyrn787qnuhef3v3rga9k0zt74glek22,C126ED0687C14270FE18120435E6C16D95B111F891FBAECE058C6C3952004900,"[{""denom"":""uatom"",""amount"":""450000""}]",2023-04-05T08:03:14.049269325Z,
cosmoshub-4,cosmos1f4lra52avyw35wqetv6pemcn70eqh5pm8qafz9,C13A085F5CCAFE5761627A2E66109D3D90127B56E17304351123379CB971B33D,"[{""denom"":""uatom"",""amount"":""10000000""}]",2023-04-07T06:09:23.476667784Z,
cosmoshub-4,cosmos1gaqgs8d823ls6dqsy9g3am6cvhhr8clhjxls27,C18C2A8CEA7CBD5027929B1DD7F881555530E20838DEED417F6879E6F128769C,"[{""denom"":""uatom"",""amount"":""680539""}]",2023-04-20T03:35:12.828539045Z,
cosmoshub-4,cosmos15wnjx4z4knp0h9cfru3cp0txpy5n9g5p67c0le,C1D3194F13EA71BFEC8F0E1CD81BB6B4E455802EEBAAFD16E34E06438DE65F73,"[{""denom"":""uatom"",""amount"":""19500000""}]",2023-04-29T02:41:31.558596265Z,
cosmoshub-4,cosmos1ysk2kfgc6hcftpe8q38rv9pndwhr8lrlmaujkf,C21759C9D72A2297CEA9B9C3F92468774BCA0F7244BDDD8A68B9B570302515D7,"[{""denom"":""uatom"",""amount"":""35750000""}]",2023-04-29T12:54:14.094510790Z,
cosmoshub-4,cosmos1y8tg6rkzgwav0ef99rwa487y07vut8vtn4t23u,C2587E9DE1EA4C6D52D9B4ED35A80B4A8144FFC641AAFB4F7DB22FCA4FFA153C,"[{""denom"":""uatom"",""amount"":""138752154""}]",2023-04-09T21:55:44.453197219Z,
cosmoshub-4,cosmos1nqkteqftyfzvq2wjlc2t4k7k5rv8d4udx50zsx,C3383C8F355BCC09867A7384BF0A5D9E585616EFAF9ECA6040A9C1D1EC542DCA,"[{""denom"":""uatom"",""amount"":""100000000""}]",2023-04-22T22:07:31.904878265Z,
cosmoshub-4,cosmos1gaqgs8d823ls6dqsy9g3am6cvhhr8clhjxls27,C344A8DFA83ED895686289C277B6212F5152A11EECAF976DB204BBFBD4473D17,"[{""denom"":""uatom"",""amount"":""769370""}]",2023-04-05T07:58:26.537094267Z,
cosmoshub-4,cosmos1kz22980et2kqkhek3gxywgqdpmgz5xvygalh4z,C3C94526A8E90B3E843FD96A0F741E213AF43A9A18A0CBF3B6159CE7559D7117,"[{""denom"":""uatom"",""amount"":""11000000""}]",2023-04-04T00:21:42.878175235Z,
cosmoshub-4,cosmos1c2nesqk0hy69qzxpu9qz2z6ka8yrm0q3upexv2,C5066362C6D56C36F8A5CD530A068C563512B4923FD852A682A3079CC91E688E,"[{""denom"":""uatom"",""amount"":""13380000""}]",2023-04-28T06:51:03.760297390Z,
cosmoshub-4,cosmos1lscdr4pfklzjudygcgatz09hmjt84xtkuqr038,C517C5F04AF906D7FA112A3441160AFB59EFC88BE41D180970DC26486E25A544,"[{""denom"":""uatom"",""amount"":""500000""}]",2023-04-09T18:42:59.135375467Z,
cosmoshub-4,cosmos1tfluv8w0aves0tapxez5axdek3kksvje6twg9e,C583221370985DC87CC33930F1D7DCE09BF9EC3570561A1F4B663F6317DC8F35,"[{""denom"":""uatom"",""amount"":""300000""}]",2023-05-03T05:57:49.792816392Z,
cosmoshub-4,cosmos12dsruq8epns48sd3afljms7tq38ddkw4njfzjj,C5A1B6A359BD123B7CCC1B66816A05D4134E2F72490BF63DFC4D4209135E7D49,"[{""denom"":""uatom"",""amount"":""400000""}]",2023-04-13T00:26:07.055499287Z,
cosmoshub-4,cosmos15y2jy3uatqlavdmjkfr779dydgjqk43a94pwxl,C5BAA50B4D1F18176AE9326357DF1414742C46F4C709C9B68B9AE8BCF38A51F1,"[{""denom"":""uatom"",""amount"":""1000000""}]",2023-05-09T10:21:25.564900794Z,
cosmoshub-4,cosmos1ed6n0zn3jlqq268w5f99f4p9k4l7kv202982vj,C62859E5A7F17012261B3B6773B0A91B841709BFC45E0F739E22E5CCED16BD4C,"[{""denom"":""uatom"",""amount"":""4000000""}]",2023-04-13T18:59:37.367159119Z,
cosmoshub-4,cosmos12z762kemv8un7qv33mjk4pg5n67trk5lheudt4,C72C580C4CB0CB1496188D80FB17D17023C85043CCDD648AC5CE5A239E5101A0,"[{""denom"":""uatom"",""amount"":""4000000""}]",2023-04-04T09:41:20.234597413Z,
cosmoshub-4,cosmos1snvzr84cv8esmlwpcfqg26tfxndn3xwdkrhhhr,C757660E3B902C813CD3D39EEF5912D705F034154699162830CAB9A71F0AD2E2,"[{""denom"":""uatom"",""amount"":""198000""}]",2023-04-21T19:30:36.065098258Z,
cosmoshub-4,cosmos188nh2zudndq8fca8a67mf0gghc55s88rcqa225,C7A7C341DA733D892EFC3D61C957377EF90DD490E4862FEEDFF722CA1EE0C9A8,"[{""denom"":""uatom"",""amount"":""1200000""}]",2023-05-05T03:29:57.533514579Z,
cosmoshub-4,cosmos106e0e5mxkzw8unqypl6azdx08xa2qhhgk86rx3,C8F44C4C5657CC1F6D889BB5C6B3FB83527198FD70F61C705E69EC92D8039F6B,"[{""denom"":""uatom"",""amount"":""12700000""}]",2023-04-06T17:49:18.636799992Z,
cosmoshub-4,cosmos14tdg37jf4x0vkdwjszs5npd0gxndew5mp3jn2x,C95C1E6F12DB902EF7957052ED2707D0CC14EB66A2FB863D540F9B730EC62B81,"[{""denom"":""uatom"",""amount"":""7168276""}]",2023-04-28T11:35:17.520415315Z,
cosmoshub-4,cosmos1pwpz0acvw0mc0clr4kknedt94efhwzj8fqas4y,C9833E383EC6BDC257AD56AA98281E83E0CADAF3F9C95560FE173D5A5C8E27B3,"[{""denom"":""uatom"",""amount"":""300000""}]",2023-05-02T15:43:32.991329201Z,
cosmoshub-4,cosmos1xppn98w0gg6wl0q2g2nasmkqlf2elwpkl7fc5y,CA846AE4C9796D743ADE6598428707A9593BDA4960FB0E078A51C434AC764920,"[{""denom"":""uatom"",""amount"":""3800000""}]",2023-04-13T09:16:01.081537689Z,
cosmoshub-4,cosmos1m3rppnp8ycrcwsvex3stsh2mg72s9xk42r5tam,CBA6956F56A2DFEACEDBD289D80F042C17B50434BA04FDB7362644DBA68E2672,"[{""denom"":""uatom"",""amount"":""2479784""}]",2023-04-04T10:21:26.645928247Z,
cosmoshub-4,cosmos17mqn8ys44803q485qlh0cmur3tfy9dtqdlw7hk,CBE5A9B9C1127D20DC33ED72BCCCFAA463A0F7D16A99A66A19F65EFE6AEE2F71,"[{""denom"":""uatom"",""amount"":""5200000""}]",2023-05-05T00:06:26.416192420Z,
cosmoshub-4,cosmos1cxful6l52eh0aknkufwtwmre7c4lvhv3fygn64,CBEB4EB2D18E1021FFC09003B7225B6743C903E14B2607D69AF61D22335C6EA4,"[{""denom"":""uatom"",""amount"":""5000000""}]",2023-04-10T01:31:33.617747872Z,
cosmoshub-4,cosmos1qt9nr2m65yd907d4j9unsla5cnrmwlp90f439w,CC43223269B08E15FD8E25D853C4FF54C96F67E035D42DFC8296D76C83F08FEC,"[{""denom"":""uatom"",""amount"":""587563""}]",2023-04-28T07:28:33.392322391Z,
cosmoshub-4,cosmos1ngy08w0k6u02gse54fvqt3mzs8y63hxvsxcnnh,CCC07E54B1F57B68580E8A61794DBF6959315E948B4918C6AE17992DE8B19B7E,"[{""denom"":""uatom"",""amount"":""300000""}]",2023-04-28T21:29:55.988745993Z,
cosmoshub-4,cosmos1as5rceuy75rhyec296scexr6whyk078gaqwxcp,CCDC55458C89E5B0C2655E6B7A247F9264D4B083CB1A6A0C4187E802FC1A2A6E,"[{""denom"":""uatom"",""amount"":""350000""}]",2023-05-05T16:34:17.805185157Z,
cosmoshub-4,cosmos1uxpfv475505ylmwhxt8qmz6ewpur5hzhqj80jg,CDE1C4308E0B4496928CE4FBC553370F9B38A50B40985F2F7962239BA1AA03AE,"[{""denom"":""uatom"",""amount"":""482026""}]",2023-04-06T21:23:31.974090804Z,
cosmoshub-4,cosmos1x8ltc5dr5h7pj9y44v9k9lyg8mcmeejhjw54la,CEC8F83FA489AA0AE7D7719857B3F32C32A67F3C76F1122C0029E302D89599DF,"[{""denom"":""uatom"",""amount"":""1669093""}]",2023-04-30T09:22:48.270543109Z,
cosmoshub-4,cosmos1faur4spqfyypdcwdp6ks9uml66eukqwva5xpef,CFF82C7F30AD0FEB1B1A47694990C1C184254A2A25E893ACE2000739C96369A8,"[{""denom"":""uatom"",""amount"":""500000""}]",2023-04-13T19:31:18.493243089Z,
cosmoshub-4,cosmos1e992klffxfpn43avw9p9764hm9698tfp2vztcw,D109BB0C0F48D9195CD4EA929F75100F91FAD0C9E615ACDB19E8C3D29637B4EF,"[{""denom"":""uatom"",""amount"":""500000""}]",2023-05-04T01:11:26.435239412Z,
cosmoshub-4,cosmos1xhpmld45kettu77v4v4cjhe36368cw2fvl2tcn,D1D3254E66DD492825BFFE0E20FA231C86EF341FDCC7A66F5E6A20C46837AF1F,"[{""denom"":""uatom"",""amount"":""1500000""}]",2023-04-15T08:51:52.367291890Z,
cosmoshub-4,cosmos1llg9j6rlckkfnvvnefjpjr86c6a30eg45xazzn,D26150B9CF4895769772BA6D4235E915D44974771F3180435FDD8400651A7BDF,"[{""denom"":""uatom"",""amount"":""1000000""}]",2023-04-21T20:44:25.027225338Z,
cosmoshub-4,cosmos12ts45fk5w25sypzeu2x6ey8u6zakmllg3n8s3a,D2B3CF356079FA8916A54300C35FF5AF5A3E1BE9413899376BA39FCB80B09A02,"[{""denom"":""uatom"",""amount"":""71000000""}]",2023-04-07T06:13:53.126455881Z,
cosmoshub-4,cosmos1pvwussxtdv2m2cutv8atgpy40e7g947u0ax9r5,D3D422800131DB4FD42B7B8593BC5FFF9C7154796EBF82536D35D283B59A3A88,"[{""denom"":""uatom"",""amount"":""208000000""}]",2023-04-28T07:10:57.298555230Z,
cosmoshub-4,cosmos19umd68kd2w6y9fgh8n4vclm75d8s9fvkmtjfjx,D3FEF94C2333D50E595B7B9C00010041E77BAB8DEAB339A34787D7A8BC113F4D,"[{""denom"":""uatom"",""amount"":""3000000""}]",2023-05-03T01:11:29.546307259Z,
cosmoshub-4,cosmos1vtjxlnexjhpafuleqw4jda4d4uzg6gmnlcwset,D44E48032FD3EE8C1E2C6CF2FE11AB0FE51D92C13F2EEB17A651347EEEFD7D82,"[{""denom"":""uatom"",""amount"":""50000000""}]",2023-05-09T07:32:58.262961143Z,
cosmoshub-4,cosmos1lu53upv4l6rz69gv7mfphyh9v2ujke6x406rrr,D461EF47271A25CF1F259D45BCD72D886093CF2E261A4FD33E6C4D4CACE63EE7,"[{""denom"":""uatom"",""amount"":""4000000""}]",2023-04-04T10:15:53.211252053Z,
cosmoshub-4,cosmos17u97mqhtvt246322xpwq7amlzktswsjkqpfq35,D58C51EB8B0718B7F8F126F314A493AFEA9DF22CCB7755CF377F88813E030D86,"[{""denom"":""uatom"",""amount"":""180000000""}]",2023-04-30T14:40:21.381393622Z,
cosmoshub-4,cosmos1d8xtuav36xg7hp6lv6u69gexpd8sunaektzegm,D592C57978C41E1F2F20C34C37006363AF9290CA01A4FC6CE47F0549099A7DEA,"[{""denom"":""uatom"",""amount"":""3000000""}]",2023-05-03T23:26:06.927840319Z,
cosmoshub-4,cosmos1k8zklwyxdq50aakvs2k0evavju3qflcaazaj6r,D5CA2082E8CD8E929F22387FB51248999273F06539FCD5F09E3CB8C14B7F8DA4,"[{""denom"":""uatom"",""amount"":""770331""}]",2023-05-05T12:29:05.940992511Z,
cosmoshub-4,cosmos1d8xtuav36xg7hp6lv6u69gexpd8sunaektzegm,D605F3B781D86F89322A738627349D5E3FBAEDC625B181E9692E36F740DB2871,"[{""denom"":""uatom"",""amount"":""10000000""}]",2023-04-19T13:24:34.336477300Z,
cosmoshub-4,cosmos15qjtuxrknfpj673qlnqq95umzdvw37zhetp3y8,D61C9388540449F8526A915444997355FBBED5545E7619C2F340CF84753D7E28,"[{""denom"":""uatom"",""amount"":""250000000""}]",2023-04-29T10:03:13.919833526Z,
cosmoshub-4,cosmos1p43srkxlpaqa6nn3udr43r5a34cuj5vf6e3cyl,D6980B59FA5F7B5A402B9C586D8367B86C057EBF1094EB057E377A51E8EFFD94,"[{""denom"":""uatom"",""amount"":""3500000""}]",2023-04-27T20:25:25.744611875Z,
cosmoshub-4,cosmos16ptnckmalphj82d86venu8la72aumv8j3dxw77,D6C8905DC54BD05E501E62BADE8DCF0E18247E9414465C80E7B30E92BF8A3EBE,"[{""denom"":""uatom"",""amount"":""50000000""}]",2023-04-28T23:35:42.525571747Z,
cosmoshub-4,cosmos106uy97jw9andj6ydwzte8x5jazxys4dkzt5rxj,D83988F1D7618DF4307B280C0B0E2B7863715DE8E73788A06FB3427CFA33D7F0,"[{""denom"":""uatom"",""amount"":""486121""}]",2023-04-24T17:42:47.175758081Z,
cosmoshub-4,cosmos1f9k272cgejjdt0exugldcgzlf46d00ttfzs668,D8AB77404DAE3682E63D29D1F2D0950D41F553797B4BAB0339E21B31FC7F3A2F,"[{""denom"":""uatom"",""amount"":""630000""}]",2023-04-20T02:14:30.817992508Z,
cosmoshub-4,cosmos1jqekr8hf8aejzxjr8rjhk89268mncf9ndmkycy,D90EC756A94B955176B5DBC2B97D7EC0BCFAB3EEB39D411A107B52F5F18C17D8,"[{""denom"":""uatom"",""amount"":""700000""}]",2023-05-01T18:57:48.362179022Z,
cosmoshub-4,cosmos1auczavgptqrs8dfnaqvtgfsmyktyve3kjk42yd,D91FEFB1CD7591B790D4A6DBACA49011A904C425FF1A9635AD7B1A757EC035FF,"[{""denom"":""uatom"",""amount"":""10250000""}]",2023-04-05T08:15:21.887314226Z,
cosmoshub-4,cosmos1kz22980et2kqkhek3gxywgqdpmgz5xvygalh4z,DA12A5C07DB2E9BD9BA6D08B15E70F0499E7394FD51486C05E105DAAB87B5024,"[{""denom"":""uatom"",""amount"":""10000000""}]",2023-04-04T23:26:55.464621227Z,
cosmoshub-4,cosmos1d50zp5mymt53dkzn9xrslwen2cup25uz7pq9zp,DACF9A85EED167EA447865AACE78B66CBBB5D6EF1FD360BFC4A2491297B693DD,"[{""denom"":""uatom"",""amount"":""12000000""}]",2023-04-18T23:03:38.459528233Z,
cosmoshub-4,cosmos14ynmps2a8lyc3zvvv7ak56vxeyt6zqyf2c8hqa,DAF4A421071192E54422C57A27F816EF5287F1670BBC5F7042359DA59B888181,"[{""denom"":""uatom"",""amount"":""400000""}]",2023-04-22T08:13:04.373780037Z,
cosmoshub-4,cosmos1snvzr84cv8esmlwpcfqg26tfxndn3xwdkrhhhr,DB321B03E244DC7A6B75407883DB84E0C91FB307A8E9B21DD383A6F25751F8A6,"[{""denom"":""uatom"",""amount"":""1905466""}]",2023-05-02T20:12:02.373487936Z,
cosmoshub-4,cosmos1juz68vx5dlplqmv4kyg6mvncqxm40gama98022,DB610300789A1944C8C396999C840C2C5E7630E0FE7F57B38F4AEDCD07DBDE73,"[{""denom"":""uatom"",""amount"":""18000000""}]",2023-05-08T22:51:48.549755950Z,
cosmoshub-4,cosmos1snvzr84cv8esmlwpcfqg26tfxndn3xwdkrhhhr,DB6B528F249DAEE65CACDFD8DECC8030334197403FB2E8CEDE4C50A30A59B512,"[{""denom"":""uatom"",""amount"":""3256147""}]",2023-04-12T21:22:43.875534068Z,
cosmoshub-4,cosmos1a2wevd5huq69wnaq92grpyemkkxktuc8yyd5eg,DCAE9D17DC144E8A59C1565AC25E48344DAF34A4BFFB8E2B11358724C5568EAA,"[{""denom"":""uatom"",""amount"":""1200000""}]",2023-04-21T18:07:38.675706449Z,
cosmoshub-4,cosmos1hk5wgwn44stu85jcvhgg82g2lmz4uyw5nldx40,DD04BBF5848654A46CCE7C5A5421F6D9A8ADEFB98EF4CDB8AFC0BE95F42FC9FB,"[{""denom"":""uatom"",""amount"":""10000000""}]",2023-04-29T17:39:16.794246778Z,
cosmoshub-4,cosmos1d8xtuav36xg7hp6lv6u69gexpd8sunaektzegm,DD0D4682345B0EF29B01A8ABDF1071B0B8E4812E735A4590189D1BACDA27EBF6,"[{""denom"":""uatom"",""amount"":""10000000""}]",2023-04-15T16:44:52.698046847Z,
cosmoshub-4,cosmos1w5jf6v8hmyvnarqlyzw0pct78nh5p4jzx9240x,DDC8C43CCA1D746C427D53AAFF494F99AD5D2D0CF05BFF377B274CFD402EE281,"[{""denom"":""uatom"",""amount"":""310000""}]",2023-04-24T18:11:10.359706979Z,
cosmoshub-4,cosmos1rzt34wf83u2j0zvy9hkrgtj7zm9thzyql8ufh2,DDCEA2ACFBD965B4654AF85E6B03BC85A9FC57F089064E279768B83AA82B517E,"[{""denom"":""uatom"",""amount"":""139624""}]",2023-05-01T23:06:14.661794034Z,
cosmoshub-4,cosmos1dg8s5xtyalwgtam5p0zh3yuqjhcjpdg2ajdxm9,DFEC5D802BD5ACCB0F26EFECC9A363D6D0A6EE8CA30A43E893F42F88361471D9,"[{""denom"":""uatom"",""amount"":""1000000""}]",2023-04-13T21:05:57.400411735Z,
cosmoshub-4,cosmos1fme339zg0dew0rwkdxu90q4dqzp2j4d690mjkj,E05F37B41C670DF22B32C9D5E349D59BBEBB53658D38B39FA2C16FE6C9835CD4,"[{""denom"":""uatom"",""amount"":""381243""}]",2023-05-05T15:35:37.071743696Z,
cosmoshub-4,cosmos14j2na5uvf33r9a7nun2zq54636r8e3rktd93yh,E0BCA5977280545F7C7CC9A5A3F4FA82B9CF31055BC6B5300055B65E4DF77417,"[{""denom"":""uatom"",""amount"":""4000000""}]",2023-05-01T20:50:33.673472024Z,
cosmoshub-4,cosmos1u3979l46uqes7alnwhstmrhl8v20jglh6uf2rd,E1125AB4EDF68BB8CCEDE448192315A2EB6F7B4C1BB5C9E0DE6ABDDC05D2CF52,"[{""denom"":""uatom"",""amount"":""1000000""}]",2023-04-05T14:14:07.762732844Z,
cosmoshub-4,cosmos1du6h94k2j6zsqhrmuzhyxe3sy6lt95j2hga3h5,E16D2CF3FE813E86156DF8B84BC1ED1B181CED1A441BDFAD2BDFB5639EE6E75C,"[{""denom"":""uatom"",""amount"":""3000000""}]",2023-05-03T08:27:39.314802853Z,
cosmoshub-4,cosmos10ye8w6unav29ncq2ug5cu382n5sxgupnnp2pej,E1CF9594AAC6C330B272085A84552BBC9DE95A9942FA8E76B10EEEAABB84FCA5,"[{""denom"":""uatom"",""amount"":""3000000""}]",2023-04-04T19:03:34.126775916Z,
cosmoshub-4,cosmos1t9wualek2y58wanh5jw4l5fcxhxxjrqc8g9vlx,E1D59AFBD5F165AC455ADC8CD9D073847F4FF78981D4E2BF971B668F5F1A4595,"[{""denom"":""uatom"",""amount"":""22000000""}]",2023-04-29T21:48:08.147638057Z,
cosmoshub-4,cosmos19t5vjq8jlp5uy3jp4eu2nwms6u5yv7gnk5lv8y,E24BAB0936AA1400CF52A016010400718B6F1A048727D650054626725943D80A,"[{""denom"":""uatom"",""amount"":""1000000""}]",2023-04-24T19:55:06.406451788Z,
cosmoshub-4,cosmos1kyts4v5d4p6jl5h5lu6dj4n6prdk3ye8wvagnx,E32A2276D0B9930767C6480AED5179F3C0F26FEC00CBA59D57EB37E524A137FF,"[{""denom"":""uatom"",""amount"":""185000000""}]",2023-04-28T05:54:25.195664780Z,
cosmoshub-4,cosmos1u62ksu6vl4nke79hzvgv78jm4vav783zphs5vf,E335607DEA4DF8392D1DB6B15CDB90D7A895D7C01B50C4AFF39441F2EB4EE8E3,"[{""denom"":""uatom"",""amount"":""300000""}]",2023-04-20T18:57:46.911224662Z,
cosmoshub-4,cosmos10w02jr8meucsueqesd54a2waahf2wxqaj9mh2h,E537C29DC6655E87D1E1764307AD5E51EB67BB9EB002426A4A34220742625B3F,"[{""denom"":""uatom"",""amount"":""10000""}]",2023-05-05T09:20:05.117162534Z,
cosmoshub-4,cosmos17fzur0ufpuvyta7xvvd7zl6z3wmxjnnv86rmr9,E565E86DA3FAB87BADC7CBD0A466C8191A672186C9A660646A2496EEC7F9FE5D,"[{""denom"":""uatom"",""amount"":""1000000""}]",2023-04-20T18:38:32.158197817Z,
cosmoshub-4,cosmos1230mxz4tcynq3np7frwsfvzs7hcsczhcwpanz9,E6753EF68045D5B6D4588DE5F7331D98A82EF977E805E02B41E42611F7F002BD,"[{""denom"":""uatom"",""amount"":""1700000""}]",2023-05-04T19:51:41.312045692Z,
cosmoshub-4,cosmos10axgat7ld03gvegd3n3gky0w3d2m8c27edwxw7,E7E0A86A9BF805369787FC23AD080491CAF0014F3B20488C6CBB2EA725968C69,"[{""denom"":""uatom"",""amount"":""250000""}]",2023-04-05T12:55:22.844706469Z,
cosmoshub-4,cosmos16dgmlh68xdmaf07wlkv85jnfc9zc0xmpdrwpkp,E9117D1C0B1C55C049CA45C564D19828F6D262B5B168E56FDF9AFAC2B01DC381,"[{""denom"":""uatom"",""amount"":""1000000""}]",2023-05-01T21:08:02.270847644Z,
cosmoshub-4,cosmos1e5fgjtmw98rshkc733tmfdpjus2dt0vssfzdnj,E924385C5A1B9480F7361297106AF4E6238177276E4898530C15A81A3A281AAC,"[{""denom"":""uatom"",""amount"":""122285000""}]",2023-04-28T18:25:11.967815605Z,
cosmoshub-4,cosmos10w02jr8meucsueqesd54a2waahf2wxqaj9mh2h,E9A5413D16F77DD0B671E023B77EA21793F7C38C4C58FA373DA2BD13A5A8D7BB,"[{""denom"":""uatom"",""amount"":""10000""}]",2023-05-05T09:20:05.117162534Z,
cosmoshub-4,cosmos1dqkfrgpy2t3nsgetupj3wap23w3mu4plu0f4pw,E9F02BC79D359085CB3D71229EAA7EE290CA7F3F1916A6EF0ED478F7539BC4A3,"[{""denom"":""uatom"",""amount"":""475071781""}]",2023-04-30T16:23:14.524743444Z,
cosmoshub-4,cosmos10w02jr8meucsueqesd54a2waahf2wxqaj9mh2h,EAB4B9A799F731E64F8E7B6E5C662872A7C32A604C9A1E3D061F00A70D2657C6,"[{""denom"":""uatom"",""amount"":""10000""}]",2023-05-05T09:20:59.301227297Z,
cosmoshub-4,cosmos1nxqw6e7ga24ft6plx8fwpzaxpjc08hum6vz3ml,EB2CBECC85EA41AE01507A9316A2D129AC7F470D9F80F5FC5212FF417845AA44,"[{""denom"":""uatom"",""amount"":""2100000""}]",2023-04-04T09:45:55.661228575Z,
cosmoshub-4,cosmos103zzx7ltwxvg0w6l2rwfstuqk9gtvjmpqapslc,EB6D358AA423AEF329276F02B4024465A246DE9A4821020D06BC4B2AF6D52B13,"[{""denom"":""uatom"",""amount"":""100000000""}]",2023-04-22T22:19:48.716271788Z,
cosmoshub-4,cosmos1jdven2lq8nk6n5qzy2xnrylnf4kzwyrm0sn535,EC18ACB6771E312C2DA7238FAB097067E69D04FC2BB88AA504E6F3B6A04E704A,"[{""denom"":""uatom"",""amount"":""425327""}]",2023-04-07T10:04:14.548462969Z,
cosmoshub-4,cosmos1aqrm0jf833qaqnf2fepd5n38tfwy549xzhcvr6,ED17A2C628BA8CB9EF4F9022F3C87AFA7A256654DFC004A4050F8E0B00EF8821,"[{""denom"":""uatom"",""amount"":""567818""}]",2023-04-04T21:41:29.962584318Z,
cosmoshub-4,cosmos12h0hympmykpt8j5f05z6mxwsa0wam3d52zqhy7,EE2AC5DE89E65BD5B950016381C98EC215774F1269CDC71C9252B37AB114A274,"[{""denom"":""uatom"",""amount"":""250000000""}]",2023-04-22T14:03:26.564317205Z,
cosmoshub-4,cosmos1mjgs8u6r2pxuz2f3v09rs5fdf6t6nt8hh86a2c,EE30098871424F19777084C076D3892ACC317BA0C3E6D1035EF05A9793B8F0BD,"[{""denom"":""uatom"",""amount"":""10000000""}]",2023-05-02T21:20:45.471732751Z,
cosmoshub-4,cosmos1dhkpqce0ad3nm9n2lqg8geskj52thmtkg875q7,EE456A67329B802A97C4DC66E493E8DDC3B256449AD5340A58792E63443DE4CC,"[{""denom"":""uatom"",""amount"":""9488195""}]",2023-04-21T20:24:44.842686377Z,
cosmoshub-4,cosmos1d857k35ns2fhl4nljdsr048vwmykwrkch8y3mw,EE902FAE90932B8EC9EBD7642C0AC26EA37C3174D936902162DE9EE54DCD7286,"[{""denom"":""uatom"",""amount"":""11000000""}]",2023-04-04T22:08:43.029241734Z,
cosmoshub-4,cosmos1vmp4m45j0pjlhu583ymdrpyya98zm5ggws6jjd,EEB83277CED82DBCEDFEC0428A542F2AD0B47B43C10B1CD71F68A1857FBC0F4A,"[{""denom"":""uatom"",""amount"":""274259""}]",2023-04-04T21:21:55.886024720Z,
cosmoshub-4,cosmos1st7hecv07ejm2sx6lmk2q298d0nquyfa9xqx93,EED2AE9041111C8BFDAA92AC275D68CF8ABD370BF78BC07BDAC1C8B1467F8BCF,"[{""denom"":""uatom"",""amount"":""158386""}]",2023-04-04T11:38:45.447072936Z,
cosmoshub-4,cosmos1rdhss0e720yjqu28xxen30t7u55selqff2apsx,EF85C73412DE05F3CA4FCDEB2B041794E5A674990C705697AEB5D8E5E630B773,"[{""denom"":""uatom"",""amount"":""737662""}]",2023-04-25T05:01:34.375866079Z,
cosmoshub-4,cosmos1zrtzrty2q6u0tjlj7u35weumt3xtgp84499jjy,F0309FC44EE8A7246FF9F19618E1C221A5AFCBDC11EE357B1103253FE277A294,"[{""denom"":""uatom"",""amount"":""10000000""}]",2023-04-13T21:39:43.184721171Z,
cosmoshub-4,cosmos1fmc5nw9mtgs8xn42u5jcp50s6y2pvl3rwfjml0,F067906567AB7CA3387A27B9ABC15F70CEE857E58C8F5411BFEA1192A86E2C00,"[{""denom"":""uatom"",""amount"":""1180000""}]",2023-04-28T20:13:09.814480491Z,
cosmoshub-4,cosmos102ruvpv2srmunfffxavttxnhezln6fnc3pf7tt,F11D8FFB5B10EEF28E318485F1203FC67A41358237295D58BD52934DB695BB5F,"[{""denom"":""uatom"",""amount"":""20000000""}]",2023-04-04T22:39:06.787104075Z,
cosmoshub-4,cosmos17jydpxauu4ek23cfadmadnsnq0m8zvkhjzc0hr,F14681A863342804A9965DC139D698CF93AF835935706C99075842094BA4D044,"[{""denom"":""uatom"",""amount"":""1000000""}]",2023-05-04T07:26:43.617179420Z,
cosmoshub-4,cosmos10w02jr8meucsueqesd54a2waahf2wxqaj9mh2h,F162D4BA88BD102A05167F538D84BD70B1912AC6DF6A6FA3D9ADDDD533F5E14E,"[{""denom"":""uatom"",""amount"":""10000""}]",2023-05-05T09:33:44.255026854Z,
cosmoshub-4,cosmos17ezpm9dq4clg6rgsecs97eh9r7daywham3nyw4,F1A82A3F50F6ED6BA49093CC1046F4D34B29CBC184A7F19EB8B6F9C2FF3DD1CE,"[{""denom"":""uatom"",""amount"":""5000000""}]",2023-04-29T07:15:00.143424236Z,
cosmoshub-4,cosmos1yn6fewlyd5n2x69e3eyvx6vg2j5rydtyw4qx60,F1F891244B5846977F9767F25592D96CB33867E634D264CD78B497EEFF9BC40A,"[{""denom"":""uatom"",""amount"":""300000""}]",2023-05-03T04:14:49.657287799Z,
cosmoshub-4,cosmos1yfjnnvlsut9cn0n3alzjftxlcv3863956zdk4v,F21854D2D7268208CB2BDC42C4D15CD902B5791C9F7B663682A19436AB1052C7,"[{""denom"":""uatom"",""amount"":""2500000""}]",2023-04-09T22:55:18.895500657Z,
cosmoshub-4,cosmos1q2ua980mnvgurjdel6fjucgslu2069ju29xtdr,F281D769ECD0E8718BB7D6374D2D519FCB9936186F5E940845A680AB6D7ECBCD,"[{""denom"":""uatom"",""amount"":""1000000""}]",2023-04-29T08:41:53.887108823Z,
cosmoshub-4,cosmos194swukntjr22803e7j73tssvcnrchpg30cf26t,F2E42BAAC02D2E5417316DF1300DBC218D4501FC9BDA2E75D4920DCC3856711A,"[{""denom"":""uatom"",""amount"":""10000000""}]",2023-04-03T22:37:11.163954570Z,
cosmoshub-4,cosmos1lwwtpxshv0t3clljep5qx5dfs6u8tnsnzfqrul,F3600928616263D4E0240BC7DDD64C7A2BD5EDD743597189BF5A9F8BCAC39F1F,"[{""denom"":""uatom"",""amount"":""1000000""}]",2023-04-28T00:37:25.831505825Z,
cosmoshub-4,cosmos1ax9aqu323m4sxaakwhu9a88tctdunzxk3d4xnn,F558226204F3CD330A65E236A970A35707AA48A34184E8F5208DDE2876A6C70E,"[{""denom"":""uatom"",""amount"":""1058303""}]",2023-04-30T14:58:15.561936922Z,
cosmoshub-4,cosmos1z7fprv7u3anrvf95n546ljfddkpzyp45lp4u5n,F5E0E000DACA97378FEDBAF509C61564F6C51AE6A6CBBC8151D56F3E1E0D6AF4,"[{""denom"":""uatom"",""amount"":""500000""}]",2023-04-14T14:27:58.573477875Z,
cosmoshub-4,cosmos1ax9aqu323m4sxaakwhu9a88tctdunzxk3d4xnn,F63E8E9BCDCA9C130E7E1FCB75D23467BCEED9521DEE3DA1A8DB3095B1C07933,"[{""denom"":""uatom"",""amount"":""2153504""}]",2023-04-09T21:40:28.915731570Z,
cosmoshub-4,cosmos14vxsujy40qwqap0jkghmnszkhpgww74x5g6jxj,F66C5A97D53398AC57B68B5667021DA3CBBB8D89DC8134E4D1C7C697C421E129,"[{""denom"":""uatom"",""amount"":""410000""}]",2023-05-09T05:48:07.209273262Z,
cosmoshub-4,cosmos1tfsuj0qf4t08zgp506naegey99vcpaxafle2d7,F6B327A4C1B00BB7FF0A921EBAFA1933660F5017ED5B1C15EB1EC62CF40ADBE6,"[{""denom"":""uatom"",""amount"":""300000""}]",2023-05-01T11:18:17.143610438Z,
cosmoshub-4,cosmos14wc97l8zn5mkl825pgshqcy8749qaetdmp0vtq,F6FB55E2FE209C36E380AAD572688B36263B2A859CDA756A679CFFD59B5ECCCA,"[{""denom"":""uatom"",""amount"":""27350000""}]",2023-04-24T17:40:14.407711555Z,
cosmoshub-4,cosmos14pq92zrvgac2uga3rtttyla32gx7vudvxv3krw,F96F2C11B4F92FA8413CD477FEBD160E46978621CAD8C587D8C4ECE3D71F51F6,"[{""denom"":""uatom"",""amount"":""300868""}]",2023-04-20T04:02:38.767498690Z,
cosmoshub-4,cosmos1zsl2dz8dhf7mqgvxedcqtta4zkpngswtnw6pka,F9D3BBBDD56622D7BBE87E37491152AAB88471B42441883B4BCF1F999B06750A,"[{""denom"":""uatom"",""amount"":""2231148""}]",2023-04-04T14:44:48.710131638Z,
cosmoshub-4,cosmos1ljd6d8quzfn4zev99unxnz5x89frev3vl5nfwf,FAD65FE097B38D3731487234ECAD2E7358DF8B1E140BD44E5B8DC9A1004C7F24,"[{""denom"":""uatom"",""amount"":""6200000""}]",2023-04-29T05:26:35.795553216Z,
cosmoshub-4,cosmos1du6h94k2j6zsqhrmuzhyxe3sy6lt95j2hga3h5,FB0F16687800946FF3691CC37D1EB3847F6A50CF04C00624B9371D06B9FEFE62,"[{""denom"":""uatom"",""amount"":""3200000""}]",2023-05-01T08:15:42.491404556Z,
cosmoshub-4,cosmos1dccql5c8jc5c0fwcd9fr2cpchecj8ayjhsrrce,FBA05AFB6B482FF1DE0EB33CB92C5D461253122F1906E144D9DA8EB201616840,"[{""denom"":""uatom"",""amount"":""1000000""}]",2023-05-03T20:12:36.810021518Z,
cosmoshub-4,cosmos1zdk397796e5m6tjvneaf39xhvk7sgtkq5skkg5,FC3955B965194CE1D89D67D6FFC9465B9FCB774AA67C1F11D28ABF01B126497E,"[{""denom"":""uatom"",""amount"":""245816""}]",2023-05-04T02:05:24.712291120Z,
cosmoshub-4,cosmos1h8n4qh8u66psn6jf55vtq232rhjkr6wxda5hky,FC77395F7E2BC0334CF9AA17ADAC49B2DC2E62B7DF887475DCBA305AFDC2CF99,"[{""denom"":""uatom"",""amount"":""4382795""}]",2023-04-28T02:13:48.141803783Z,
cosmoshub-4,cosmos16g3jyydacre509kww4hzhugw8dlt8rfwn6r0mz,FC8215F4098C909963EE7B1FB795B0AD5654FF626D065C697900123C4814B12D,"[{""denom"":""uatom"",""amount"":""204693068""}]",2023-04-22T22:19:48.716271788Z,
cosmoshub-4,cosmos1snvzr84cv8esmlwpcfqg26tfxndn3xwdkrhhhr,FCA234CAD93A16204B23F906AB7031E623F008D6EE1B36E7F07B69969B194F75,"[{""denom"":""uatom"",""amount"":""1054763""}]",2023-04-14T21:54:04.021108716Z,
cosmoshub-4,cosmos179hjjp8knujf4j3vlndn8gpjh6fja2ktpn85k6,FD29C32F34FE2F8A847F268FC43ECB828853ED6F84D810692C6DCE4CE7DD377E,"[{""denom"":""uatom"",""amount"":""990000""}]",2023-04-04T02:36:34.800458543Z,
cosmoshub-4,cosmos18k5uznd2gxl4xhamhtcn2z36ghc80qur5k5jc8,FE0C3DC19F709895DD5F9010CF84E8DE432D8DC6D9DD912FC35F3FD9F2645915,"[{""denom"":""uatom"",""amount"":""300000""}]",2023-05-01T03:30:44.564598672Z,
cosmoshub-4,cosmos1ex7nd785vcg3nspssrpvkqfww4yht4q9ulpc6v,FE126C9E363F7CCA8A477BCF584E22C29B69F2DD98402FB5CB46E2B73651BE50,"[{""denom"":""uatom"",""amount"":""260000""}]",2023-04-29T13:59:31.448350164Z,
